source_root	source	destination	sha256
resource-pack	blocks/adamantium_block.png	textures/block/adamantium_block.png	490fa64c7f5c68ea682ed1c3f0c63724aa2a201e0a7c7565e4627e983b79fa2f
resource-pack	blocks/adamantium_ore.png	textures/block/adamantium_ore.png	52c511c33b1d8de2aa4f9b3be9c0d94bf953a23086e7e135716692d95a9b7a5c
resource-pack	blocks/crafting_table/adamantium/front.png	textures/block/adamantium_workbench_front.png	5cd14a4279021fa44a6a04366a589d62a15de3ce3bdeadaf39f1cb320915f964
resource-pack	blocks/crafting_table/adamantium/side.png	textures/block/adamantium_workbench_side.png	d97d4faa5e55762b90f3f311ac9a5a426896345c010c0e0a25a5aa068a115f81
resource-pack	blocks/ancient_metal_block.png	textures/block/ancient_metal_block.png	9d54feade5bbb626fc9ae14ed311c646445191851b2e5a318df8cc25499b9fd7
resource-pack	blocks/crafting_table/ancient_metal/front.png	textures/block/ancient_metal_workbench_front.png	36cd686a059996b28a45eb8d593deae67e3dcc3412a2039ca984e100404356e2
resource-pack	blocks/crafting_table/ancient_metal/side.png	textures/block/ancient_metal_workbench_side.png	d8d33d902262b9bfbcb805e6a6a08fe151bdbcf0a88bbda19352e6b7f915b408
resource-pack	blocks/anvil/adamantium/base.png	textures/block/anvil/adamantium/base.png	b2c6035b508d3e6104dda0d0ed274fefb0f425d68c42c5a8277db175f9e241a3
resource-pack	blocks/anvil/adamantium/top_damaged_0.png	textures/block/anvil/adamantium/top_damaged_0.png	31941432e1afb85b57d5e3ffd77fd089c5e70325d01fa504bfdc680f46683ab4
resource-pack	blocks/anvil/adamantium/top_damaged_1.png	textures/block/anvil/adamantium/top_damaged_1.png	77dbb6dfe5e474a61190e93798684d6ab8b0cf2f9cffbfa5d4646a9482cce0a1
resource-pack	blocks/anvil/adamantium/top_damaged_2.png	textures/block/anvil/adamantium/top_damaged_2.png	6bd702bb151bc111effb34de4d65f6a4e7efcf2c7ea909d309cc809e63361240
resource-pack	blocks/anvil/ancient_metal/base.png	textures/block/anvil/ancient_metal/base.png	1c400dc7442a341f59c777940f76e33980eab45575a6519dbfdc7d3305b409bc
resource-pack	blocks/anvil/ancient_metal/top_damaged_0.png	textures/block/anvil/ancient_metal/top_damaged_0.png	69767fb9f13b57831afcd8c2fcc4964786a886ceb54bc4d177c3d9e82508f451
resource-pack	blocks/anvil/ancient_metal/top_damaged_1.png	textures/block/anvil/ancient_metal/top_damaged_1.png	8991b50d4a00bb336e67806a2e4038f50c5bf87bcdf07ae201fcb8ab23bd015f
resource-pack	blocks/anvil/ancient_metal/top_damaged_2.png	textures/block/anvil/ancient_metal/top_damaged_2.png	4efea3bf903ba3749a301c8412047cc803370bafa3c2e362a348e97c1af0a95c
resource-pack	blocks/anvil/copper/base.png	textures/block/anvil/copper/base.png	049d3e0ffefec25fc4c07e418f0d7a4b2404ba230f6fedc6edafb0bf28e89e69
resource-pack	blocks/anvil/copper/top_damaged_0.png	textures/block/anvil/copper/top_damaged_0.png	90c0d3a4ab2f9db38faa291b237702a1a49ed97751cd4978d14cfeaa6bda717c
resource-pack	blocks/anvil/copper/top_damaged_1.png	textures/block/anvil/copper/top_damaged_1.png	f703b0d40772dc3c9009ff440d7e37692e4b8a637e586734d2219d85617b35e0
resource-pack	blocks/anvil/copper/top_damaged_2.png	textures/block/anvil/copper/top_damaged_2.png	fa63b99284d50ebaea6aff420505abcd4aa5684056b15145f4edfaba03cafef9
resource-pack	blocks/anvil/gold/base.png	textures/block/anvil/gold/base.png	95d6dfc1ac099f839295b22aef92df6775c6c309325d77edb951c63a90fcf880
resource-pack	blocks/anvil/gold/top_damaged_0.png	textures/block/anvil/gold/top_damaged_0.png	627a178263d328c552ab161af5903a156499a6de5f12a82ad102258b51194118
resource-pack	blocks/anvil/gold/top_damaged_1.png	textures/block/anvil/gold/top_damaged_1.png	fb52632bd977863cda8af7fb189b8c940e9966ebc7d00bfc0f980a7cf0abd615
resource-pack	blocks/anvil/gold/top_damaged_2.png	textures/block/anvil/gold/top_damaged_2.png	ebd9036f860493b896aba2ae9d8ca505ef907a3c5561d1869fdd0783ae5faff5
resource-pack	blocks/anvil/iron/base.png	textures/block/anvil/iron/base.png	1c0f11ec9badf32b7a25a7bd2af1eeed3f577d8ce5cb1e35bdc37cc9cafaf481
resource-pack	blocks/anvil/iron/top_damaged_0.png	textures/block/anvil/iron/top_damaged_0.png	5e8c0fd8d30619f2c8802525fdda6e4c1320b18a0d758abbeba01a4725364569
resource-pack	blocks/anvil/iron/top_damaged_1.png	textures/block/anvil/iron/top_damaged_1.png	f0fed5d967149fa9ced22da138c3d71e48197001ea6ad970ec2b02264bbebe3c
resource-pack	blocks/anvil/iron/top_damaged_2.png	textures/block/anvil/iron/top_damaged_2.png	47f2e37e34c5ae9231cbbc3f09b174cedd939c8831fa580af5850edb89a00f31
resource-pack	blocks/anvil/mithril/base.png	textures/block/anvil/mithril/base.png	4569f93540ec0b6a40937b82f90f0870329ef8c10a25ae22d69898e980888b5a
resource-pack	blocks/anvil/mithril/top_damaged_0.png	textures/block/anvil/mithril/top_damaged_0.png	5d37273c23b95d599ec0ee12843a2c99f253c75e217c7d209a1b4879732c7f26
resource-pack	blocks/anvil/mithril/top_damaged_1.png	textures/block/anvil/mithril/top_damaged_1.png	49591799922ec4bc3ae5fd2cfb8a0b6c9c1d47abb5d5280061e124c8df731e58
resource-pack	blocks/anvil/mithril/top_damaged_2.png	textures/block/anvil/mithril/top_damaged_2.png	6d6b7a58df8591bac6a4ffd65d99dc46b88fb367d63663a76034c9694507fb88
resource-pack	blocks/anvil/silver/base.png	textures/block/anvil/silver/base.png	2a9696e6e096fff55cfbb1b0faf4d2ee4cf6159d57d55b1ee2107c798fb2e18e
resource-pack	blocks/anvil/silver/top_damaged_0.png	textures/block/anvil/silver/top_damaged_0.png	6808230418e5a42b14b652b3b66f4e7284fad5f31cd6b3deae48e8ad77aae951
resource-pack	blocks/anvil/silver/top_damaged_1.png	textures/block/anvil/silver/top_damaged_1.png	4cc9fa619c49a9540d8761adff04115f52e314c30e6d2382d169704aaab36a78
resource-pack	blocks/anvil/silver/top_damaged_2.png	textures/block/anvil/silver/top_damaged_2.png	a39d7b0408a3c098c723e1c800d23c1392cddca83881183111def4b17fc3c7de
resource-pack	blocks/furnace/clay/front_off.png	textures/block/clay_furnace_front.png	01c5135f37e33408afe04851d4f541321c7ddcaf3906814e6965772c76c2f8c1
resource-pack	blocks/furnace/clay/front_on.png	textures/block/clay_furnace_front_on.png	08435f48b306d1d42de1005b4741d40b0416f0dd3996493ca90ea4676049c0e5
resource-pack	blocks/furnace/clay/side.png	textures/block/clay_furnace_side.png	842d9922c0a5d7c43e259fb836e9ac53a7c8f9cb2d243c99da9810011f90353d
resource-pack	blocks/furnace/clay/top.png	textures/block/clay_furnace_top.png	9a2c67d186e1335cc38e85affde87b57998694bf9d92c5e4146b3b24cba04c60
resource-pack	blocks/crafting_table/copper/front.png	textures/block/copper_workbench_front.png	084d1e5ea3ec094cabc2fb1a6018e62f8d23de7a78b95a2cbe5db682f42f4758
resource-pack	blocks/crafting_table/copper/side.png	textures/block/copper_workbench_side.png	f6c072571ebf94f8fb5e070c9cf238416da82def8cb2738c2c44bee18f8ea3d9
resource-pack	blocks/crafting_table/flint/top.png	textures/block/flint_workbench_top.png	efe8aa262dccb6ea5d8c694638bf82837682130a51c9a541b324cb8c850c1e8b
resource-pack	blocks/crafting_table/gold/front.png	textures/block/gold_workbench_front.png	91907dbeeb8e5a39046f3d827d57ab72f2a615df833b96bb21b49ee714f8ef51
resource-pack	blocks/crafting_table/gold/side.png	textures/block/gold_workbench_side.png	3dc7f4560dc34b7e23913a992bfa2de45db04b258fd2ed0eb921bf41f55a4ab3
resource-pack	blocks/furnace/hardened_clay/front_off.png	textures/block/hardened_clay_furnace_front.png	c4cca7db4cc15130aa87a9bc9b512537720b8d82c3c8ea7d6ae51db50f3aef31
resource-pack	blocks/furnace/hardened_clay/front_on.png	textures/block/hardened_clay_furnace_front_on.png	7ab7a22653bb2294799c1f23ffb0177836348adea6a0f57b496086b3192a0e3c
resource-pack	blocks/furnace/hardened_clay/side.png	textures/block/hardened_clay_furnace_side.png	5e1f29f187ad344c3b271a16243f1c65ac3469d512582463b59010eeb1172de8
resource-pack	blocks/furnace/hardened_clay/top.png	textures/block/hardened_clay_furnace_top.png	cbb2e51ad6f32a539597c02d4770a20897dae7df0bc5b6162c764aa1c6ae69b4
resource-pack	blocks/crafting_table/iron/front.png	textures/block/iron_workbench_front.png	ff53d9803d469fec24d2bc0d547f5e2155b080788f3cd701ca3e39973985665d
resource-pack	blocks/crafting_table/iron/side.png	textures/block/iron_workbench_side.png	414736f6eab354a21063908a71e0372a6c52191d808113f1c8bfbbdf4c39ffc3
resource-pack	blocks/mithril_block.png	textures/block/mithril_block.png	85eecac295b49847b1fff0291bd8f7706b51f064e5f25445470801193a1bfcd1
resource-pack	blocks/mithril_ore.png	textures/block/mithril_ore.png	2c0ec599321cd124b79472bc7367a4ac1d5234e11c5e28ee4f977a8b951b09f0
resource-pack	blocks/crafting_table/mithril/front.png	textures/block/mithril_workbench_front.png	290dc5dda598706c0df8268ef6c8743087d12a21b1a2e521d6ed4b114c1df5dd
resource-pack	blocks/crafting_table/mithril/side.png	textures/block/mithril_workbench_side.png	64f1f36ffc9fb329ace41b8f0e800f290aba033478856f5655ef714afdd0bb23
resource-pack	blocks/furnace/netherrack/front_off.png	textures/block/netherrack_furnace_front.png	ecf58efeba87d7c604c2b0af22115c239a8b5c702d815899b01c3365376c3412
resource-pack	blocks/furnace/netherrack/front_on.png	textures/block/netherrack_furnace_front_on.png	f7936f7007d71bd1de9cb7e627a256213e6166ae201a509239c4f6dc10ad1fed
resource-pack	blocks/furnace/netherrack/side.png	textures/block/netherrack_furnace_side.png	61888490da1398c812e71896df5c4e5814058c44e040e1d51a99b43e3bdc7021
resource-pack	blocks/furnace/netherrack/top.png	textures/block/netherrack_furnace_top.png	a7260216ba8b0cc85886debc95feba360d83726cca7c7f136b77711c7cfa4ab3
resource-pack	blocks/furnace/obsidian/front_off.png	textures/block/obsidian_furnace_front.png	f48b8394a942e1de94d70afb93ee693d9cee95e971e4c23da55665484403ba5e
resource-pack	blocks/furnace/obsidian/front_on.png	textures/block/obsidian_furnace_front_on.png	5693b43a334c85e48e4e2e80623c32802b0cef9c09a0121e55f892fbaa7c49e2
resource-pack	blocks/furnace/obsidian/side.png	textures/block/obsidian_furnace_side.png	bd779488d1122cb39edbde324d46e037f78249a3fd237418070c216e787b16a3
resource-pack	blocks/furnace/obsidian/top.png	textures/block/obsidian_furnace_top.png	ac282694d14cbbb26a2239ab678242c59439c5fe6c8367b104caba1da8d0a39b
resource-pack	blocks/crafting_table/obsidian/top.png	textures/block/obsidian_workbench_top.png	53baff0e3377269b9ea73aa9d8464745431fe1b55d6dd19008f232b41cecb2d8
resource-pack	blocks/runegate.png	textures/block/runegate.png	190d396ebc104086181c02ad8d29ec2869586897612bd3612cf552f52cb1e86a
resource-pack	blocks/runegate.png.mcmeta	textures/block/runegate.png.mcmeta	4a5dad045d1c6172b28dca8eda5ee036ecf966137cda30c64770bf48689c92d4
resource-pack	blocks/runestones/adamantium/0.png	textures/block/runestones/adamantium/0.png	79099a1e37bb7e86a3fff68357c6688458a34f671257da86eb73e8faea06e972
resource-pack	blocks/runestones/adamantium/1.png	textures/block/runestones/adamantium/1.png	108df72b8624a639c68677293bfd94702867d9ab327a779cebc4af72db4bc910
resource-pack	blocks/runestones/adamantium/10.png	textures/block/runestones/adamantium/10.png	6bc50e8d2279d32354b1735496662073a05500f34e830f1d48dd8964d35f4122
resource-pack	blocks/runestones/adamantium/11.png	textures/block/runestones/adamantium/11.png	ca5d007c7adb8d3ab576816b4d7f2786921160c439909ec8cbda36843a47f6a3
resource-pack	blocks/runestones/adamantium/12.png	textures/block/runestones/adamantium/12.png	30f0bb9a5f3dab1010156f33b350140fd00b881ca2c66683a60f5ea8e3263539
resource-pack	blocks/runestones/adamantium/13.png	textures/block/runestones/adamantium/13.png	6ee0eceb0c811bfeb96326f44fed6bff1c83eccefafdc080ecc4ca6e57cbb6df
resource-pack	blocks/runestones/adamantium/14.png	textures/block/runestones/adamantium/14.png	76d1913086a81d4fe2ff7ad4683c67795c2c6d7f8ea14c7f6f47f45f5da90022
resource-pack	blocks/runestones/adamantium/15.png	textures/block/runestones/adamantium/15.png	b9a960897aa26cb56de71aeb682a31129c30335c36c9ab69388b17606e49d367
resource-pack	blocks/runestones/adamantium/2.png	textures/block/runestones/adamantium/2.png	c00353ef418d22448d1fe1b5d910d0dfb99ff2a02d28b788abc8cbdec416ed53
resource-pack	blocks/runestones/adamantium/3.png	textures/block/runestones/adamantium/3.png	fb4ed8c1ce4fe1a2719a6c8598c79f4cffce5459178eb0938cc81074733fd0cc
resource-pack	blocks/runestones/adamantium/4.png	textures/block/runestones/adamantium/4.png	40f54a23cf84e8def087f2d4a5052c19019f5917955f353abe098fe05dafbb9f
resource-pack	blocks/runestones/adamantium/5.png	textures/block/runestones/adamantium/5.png	13f3ec416917da3c3233106678df22ce30df91b13c2746ebe4d2cfd89435a1b8
resource-pack	blocks/runestones/adamantium/6.png	textures/block/runestones/adamantium/6.png	6bfeb781e2ed9ae680b63508e5d4c6059a21d96bd8bb96b1ef3ed11be320a0e4
resource-pack	blocks/runestones/adamantium/7.png	textures/block/runestones/adamantium/7.png	db1d27555ea68f9b51f353ac614a5cef1192a580e9780c514166447670bfc075
resource-pack	blocks/runestones/adamantium/8.png	textures/block/runestones/adamantium/8.png	a67f3043694bf68ee2c7f5275ef1c742c8ad07b3a3b4a312c73242b5429457c2
resource-pack	blocks/runestones/adamantium/9.png	textures/block/runestones/adamantium/9.png	81823e6b33c2ed1b7a3083b0998fba1289714988dbd7a9c4bf932dbf0965a156
resource-pack	blocks/runestones/mithril/0.png	textures/block/runestones/mithril/0.png	b24d6d4b234f2deba991c46abf1f605a273a19553e1fa7a0611806f70dfa028c
resource-pack	blocks/runestones/mithril/1.png	textures/block/runestones/mithril/1.png	3225ce889c9d76f3c6d6dae0a0ae927bc37e461ed13d9de3263e95fc797fb786
resource-pack	blocks/runestones/mithril/10.png	textures/block/runestones/mithril/10.png	b22fb4c83aa9f495c9759a876628be43e35f532a569e4fa953efe098a1d62373
resource-pack	blocks/runestones/mithril/11.png	textures/block/runestones/mithril/11.png	a5ef7644f2a46a976ba9b3b8c51fcd7cac2f5bccf1de5948e11f2049c8b570bc
resource-pack	blocks/runestones/mithril/12.png	textures/block/runestones/mithril/12.png	ac1d38ec6b6da0644c75109bebb7ed1728b527396634adcfe641b1f66da07737
resource-pack	blocks/runestones/mithril/13.png	textures/block/runestones/mithril/13.png	e88c75d6b63dea37e0c7f237b4311c97e4b93579863184f6c0f655f92829af11
resource-pack	blocks/runestones/mithril/14.png	textures/block/runestones/mithril/14.png	8afd32d5a2fdba40edf62d4cb24c816071f5bd4b6a09ccd6ea7a142bd7f5592d
resource-pack	blocks/runestones/mithril/15.png	textures/block/runestones/mithril/15.png	953a0e1bc5fb1ad022d5122f19ce86e92cd98c16cf2d30f6a32459b8a6124e84
resource-pack	blocks/runestones/mithril/2.png	textures/block/runestones/mithril/2.png	a1522e5a0813c9282ea937c6c969f490364e37635f582c3f9fd80906da6c1b5a
resource-pack	blocks/runestones/mithril/3.png	textures/block/runestones/mithril/3.png	0df33ac0b4c17bb0f85a455ca58dd5dfee1ab6a8d10a9288e6a8a1599d67ce3f
resource-pack	blocks/runestones/mithril/4.png	textures/block/runestones/mithril/4.png	0da8d0b47d655dac5f09806a31de964e854075b5384438c62a7b52cc860fe087
resource-pack	blocks/runestones/mithril/5.png	textures/block/runestones/mithril/5.png	520cb8f97c8f590ee6af59e9f9579f65b9cda27c7951708f67e1a05f2a00d5a3
resource-pack	blocks/runestones/mithril/6.png	textures/block/runestones/mithril/6.png	5bb4087aae175121471cc982ba23a2610547681e7d4f4c178c3a0e46931c2381
resource-pack	blocks/runestones/mithril/7.png	textures/block/runestones/mithril/7.png	b61344f406a451c47ec8b52cda85f34ffe002a2e4e843a926f3ac7827ca63076
resource-pack	blocks/runestones/mithril/8.png	textures/block/runestones/mithril/8.png	bd91b50ade89b85724a86392f21157584771fa6fd640ada5b9cce9fb33a1464a
resource-pack	blocks/runestones/mithril/9.png	textures/block/runestones/mithril/9.png	4c510e8494f61c9b3230b39577afe43dcbcf2d9f1d38db34ae902e2407f49913
resource-pack	entity/chest/adamantium_single.png	textures/block/safe/adamantium.png	7fc2cb35ac4db2261a7ab345b579ca4d2b4a38a115edbab4a6255fec1bbc5ea9
resource-pack	entity/chest/ancient_metal_single.png	textures/block/safe/ancient_metal.png	d4f2550ec069396420f5467987017d640a02b588975fed54f40fb171d2bb935c
resource-pack	entity/chest/copper_single.png	textures/block/safe/copper.png	9728a19cbed052ac916f76ac29691049c8226825c44082db5aa7106093c1d769
resource-pack	entity/chest/gold_single.png	textures/block/safe/gold.png	1b92ab7c10f96ade0ebd68d6f6c8aec9db5eee63395dfb859eb47f904967ed1e
resource-pack	entity/chest/iron_single.png	textures/block/safe/iron.png	90d9090504c0f3b924cb8c5e12bbd4683474183b045f3b99a1392ea59bc7cca8
resource-pack	entity/chest/mithril_single.png	textures/block/safe/mithril.png	548c63045cc08dea7efa7b31959a1920f21e06bf5cd115848ee3e61007e8b7ce
resource-pack	entity/chest/silver_single.png	textures/block/safe/silver.png	69d1abd3472ea725e2749b69f3596f49bfc19012682820a4caed24d542e7c612
resource-pack	blocks/furnace/sandstone/front_off.png	textures/block/sandstone_furnace_front.png	df9f336b8cc177edfec5842e23dc12e54a24cd06adf3b702998c2348d984b259
resource-pack	blocks/furnace/sandstone/front_on.png	textures/block/sandstone_furnace_front_on.png	a49e385d5f383c2e4ff468f9074c3bf29c9d1a1678ba6edaef0e7c0168974d1c
resource-pack	blocks/furnace/sandstone/side.png	textures/block/sandstone_furnace_side.png	b75bbefe17e0f35b0346d618eb176a631114ad82d4698948c6c1a472eb7b8c40
resource-pack	blocks/furnace/sandstone/top.png	textures/block/sandstone_furnace_top.png	56c98c1a626c00e8aaba959f1c09d39f22c10a90cbf560b8916943d67750244d
resource-pack	blocks/silver_block.png	textures/block/silver_block.png	eab324c30fb294c0bcbc604f4657109b607bbf74325b66659874c1a9d0dfb496
resource-pack	blocks/silver_ore.png	textures/block/silver_ore.png	f6e5aa659d4ae0889292a272829fc141957245b21f648b3d450b2c5c940feb1a
resource-pack	blocks/crafting_table/silver/front.png	textures/block/silver_workbench_front.png	5f61e93ec67a7008df29c340195d25a9cb9f28c7c193174ebecc56fdbea8f660
resource-pack	blocks/crafting_table/silver/side.png	textures/block/silver_workbench_side.png	b5522f9fcff8314ea5c283cc339f5e119904452b5a4a58f2a8ccfc76b1200a48
resource-pack	blocks/snow.png	textures/block/snow_slab.png	d9795b2b0646b7981292760a010a9fd6887d8656bf8901ef27a37ae543b19e33
resource-pack	entity/horse/armor/horse_armor_adamantium.png	textures/entity/equipment/horse_body/adamantium.png	71b9deed823a7c7112027c5e951ee74a36d0025bc2d2e52ca7ae6f285a1b1dcc
resource-pack	entity/horse/armor/horse_armor_ancient_metal.png	textures/entity/equipment/horse_body/ancient_metal.png	5ee0f48e53b3f17d67dddbead063a8218bccde9b52d0f2f5107a207a7e86aa52
resource-pack	entity/horse/armor/horse_armor_copper.png	textures/entity/equipment/horse_body/copper.png	9c89202b043107b3b5007f4e862873532a6104666cfaf385d67409a0dcf413e2
resource-pack	entity/horse/armor/horse_armor_gold.png	textures/entity/equipment/horse_body/gold.png	e1ed69b60a7f806120f83b3d3b4a982c6b204fd8a0d8a6374496c156a98f0beb
resource-pack	entity/horse/armor/horse_armor_iron.png	textures/entity/equipment/horse_body/iron.png	75bbb487dec018708d75f6c04a2b61c4664cfb08973c9dda2453dbb9ad0776e5
resource-pack	entity/horse/armor/horse_armor_mithril.png	textures/entity/equipment/horse_body/mithril.png	a67a7bd5f29d5be569168696ab6fd358aaa90c2879582d4a63089b66ede5add4
resource-pack	entity/horse/armor/horse_armor_silver.png	textures/entity/equipment/horse_body/silver.png	aaeabf648b88c7e2cd271bd85494af49b2a6626e537f1c539d5dd9e143cac8bf
resource-pack	models/armor/adamantium_layer_1.png	textures/entity/equipment/humanoid/adamantium.png	62d31771f5429aea0a8bf3ea957c48e75b3acd4a6cfc8c151c8cd654fd1b0b68
resource-pack	models/armor/adamantium_chainmail_layer_1.png	textures/entity/equipment/humanoid/adamantium_chainmail.png	d873bf88b04ae3aa95d72731aed8ad787e5ea6c8e346f1a28cf6454275634846
resource-pack	models/armor/ancient_metal_layer_1.png	textures/entity/equipment/humanoid/ancient_metal.png	8e41f0284826ad9639b14008e00fdb0d0cb9e78b9a6cdf2d45168cc7d62233ab
resource-pack	models/armor/ancient_metal_chainmail_layer_1.png	textures/entity/equipment/humanoid/ancient_metal_chainmail.png	7e30f93c929d76cc9e252086b321b994bb849af82f465d9cc778f6fdb9fab9bc
resource-pack	models/armor/copper_layer_1.png	textures/entity/equipment/humanoid/copper.png	3db958b13b3c4c29087872bc7df334759baaabfa5f3be72c89696e2567266247
resource-pack	models/armor/copper_chainmail_layer_1.png	textures/entity/equipment/humanoid/copper_chainmail.png	9c48acd6da3f697984004c5389e3afedb0492b39649f0cced67f749379c65347
resource-pack	models/armor/gold_layer_1.png	textures/entity/equipment/humanoid/gold.png	27fcb1cb122c4d7ec712c025cbaa4c8a271e28ab149666c5f97c72588b5aaa21
resource-pack	models/armor/gold_chainmail_layer_1.png	textures/entity/equipment/humanoid/gold_chainmail.png	141ee8b72b77365eb54f9f1f93fabe34e01b5e94f7895274d35befbca71dc32a
resource-pack	models/armor/iron_layer_1.png	textures/entity/equipment/humanoid/iron.png	b47c7aec22247e30f2a1a0e570c490d58915aa7f1133a8b35be6cf39e65cce53
resource-pack	models/armor/chainmail_layer_1.png	textures/entity/equipment/humanoid/iron_chainmail.png	cb7952362741c53c7dfdb1ca6ffe2cac0eb7dd97a6526a0fe44077ba7bd146cf
resource-pack	models/armor/leather_layer_1.png	textures/entity/equipment/humanoid/leather.png	cf1297aa5a4812c88bf8e707c057c3d3a0dcf97535b5a51afe17b48c1e1959c4
resource-pack	models/armor/leather_layer_1_overlay.png	textures/entity/equipment/humanoid/leather_overlay.png	3174a3e725644f09d7c9aa149f5b510e6d49399cdc38b923cc5870ea564bd405
resource-pack	models/armor/mithril_layer_1.png	textures/entity/equipment/humanoid/mithril.png	acebcfb7848db5ecbba84dadf75bdfe6e98cd870cba3af1859cb22863d3db43b
resource-pack	models/armor/mithril_chainmail_layer_1.png	textures/entity/equipment/humanoid/mithril_chainmail.png	5ad5f585b01706b1bf6c83168e9f04db45debb29e816aadeb8561a4df5141dbc
resource-pack	models/armor/rusted_iron_layer_1.png	textures/entity/equipment/humanoid/rusted_iron.png	6bf47d80a56301a45dd01f8b07fa591bdddf611a478787f0ed5cb6f8538b6df5
resource-pack	models/armor/rusted_iron_chainmail_layer_1.png	textures/entity/equipment/humanoid/rusted_iron_chainmail.png	88ddfa75073755cc24bfa04214a2d54b950ffe0d05ca08514bab176bc43ce01d
resource-pack	models/armor/silver_layer_1.png	textures/entity/equipment/humanoid/silver.png	fa305c9e3013731753e14005615b8cde01553960ff62e869a293a1d93a9d2a58
resource-pack	models/armor/silver_chainmail_layer_1.png	textures/entity/equipment/humanoid/silver_chainmail.png	32c51f4e4a3bd6f72977d7226336b4afac0b9abfb8c82aeae241729dc0280bba
resource-pack	models/armor/adamantium_layer_1.png	textures/entity/equipment/humanoid_baby/adamantium.png	62d31771f5429aea0a8bf3ea957c48e75b3acd4a6cfc8c151c8cd654fd1b0b68
resource-pack	models/armor/adamantium_chainmail_layer_1.png	textures/entity/equipment/humanoid_baby/adamantium_chainmail.png	d873bf88b04ae3aa95d72731aed8ad787e5ea6c8e346f1a28cf6454275634846
resource-pack	models/armor/ancient_metal_layer_1.png	textures/entity/equipment/humanoid_baby/ancient_metal.png	8e41f0284826ad9639b14008e00fdb0d0cb9e78b9a6cdf2d45168cc7d62233ab
resource-pack	models/armor/ancient_metal_chainmail_layer_1.png	textures/entity/equipment/humanoid_baby/ancient_metal_chainmail.png	7e30f93c929d76cc9e252086b321b994bb849af82f465d9cc778f6fdb9fab9bc
resource-pack	models/armor/copper_layer_1.png	textures/entity/equipment/humanoid_baby/copper.png	3db958b13b3c4c29087872bc7df334759baaabfa5f3be72c89696e2567266247
resource-pack	models/armor/copper_chainmail_layer_1.png	textures/entity/equipment/humanoid_baby/copper_chainmail.png	9c48acd6da3f697984004c5389e3afedb0492b39649f0cced67f749379c65347
resource-pack	models/armor/gold_layer_1.png	textures/entity/equipment/humanoid_baby/gold.png	27fcb1cb122c4d7ec712c025cbaa4c8a271e28ab149666c5f97c72588b5aaa21
resource-pack	models/armor/gold_chainmail_layer_1.png	textures/entity/equipment/humanoid_baby/gold_chainmail.png	141ee8b72b77365eb54f9f1f93fabe34e01b5e94f7895274d35befbca71dc32a
resource-pack	models/armor/iron_layer_1.png	textures/entity/equipment/humanoid_baby/iron.png	b47c7aec22247e30f2a1a0e570c490d58915aa7f1133a8b35be6cf39e65cce53
resource-pack	models/armor/chainmail_layer_1.png	textures/entity/equipment/humanoid_baby/iron_chainmail.png	cb7952362741c53c7dfdb1ca6ffe2cac0eb7dd97a6526a0fe44077ba7bd146cf
resource-pack	models/armor/leather_layer_1.png	textures/entity/equipment/humanoid_baby/leather.png	cf1297aa5a4812c88bf8e707c057c3d3a0dcf97535b5a51afe17b48c1e1959c4
resource-pack	models/armor/leather_layer_1_overlay.png	textures/entity/equipment/humanoid_baby/leather_overlay.png	3174a3e725644f09d7c9aa149f5b510e6d49399cdc38b923cc5870ea564bd405
resource-pack	models/armor/mithril_layer_1.png	textures/entity/equipment/humanoid_baby/mithril.png	acebcfb7848db5ecbba84dadf75bdfe6e98cd870cba3af1859cb22863d3db43b
resource-pack	models/armor/mithril_chainmail_layer_1.png	textures/entity/equipment/humanoid_baby/mithril_chainmail.png	5ad5f585b01706b1bf6c83168e9f04db45debb29e816aadeb8561a4df5141dbc
resource-pack	models/armor/rusted_iron_layer_1.png	textures/entity/equipment/humanoid_baby/rusted_iron.png	6bf47d80a56301a45dd01f8b07fa591bdddf611a478787f0ed5cb6f8538b6df5
resource-pack	models/armor/rusted_iron_chainmail_layer_1.png	textures/entity/equipment/humanoid_baby/rusted_iron_chainmail.png	88ddfa75073755cc24bfa04214a2d54b950ffe0d05ca08514bab176bc43ce01d
resource-pack	models/armor/silver_layer_1.png	textures/entity/equipment/humanoid_baby/silver.png	fa305c9e3013731753e14005615b8cde01553960ff62e869a293a1d93a9d2a58
resource-pack	models/armor/silver_chainmail_layer_1.png	textures/entity/equipment/humanoid_baby/silver_chainmail.png	32c51f4e4a3bd6f72977d7226336b4afac0b9abfb8c82aeae241729dc0280bba
resource-pack	models/armor/adamantium_layer_2.png	textures/entity/equipment/humanoid_leggings/adamantium.png	228dcf987c62102056f71566379c3a3a7d536df8ceda02541c602f73572ed094
resource-pack	models/armor/adamantium_chainmail_layer_2.png	textures/entity/equipment/humanoid_leggings/adamantium_chainmail.png	d1d687d377e9d0a48a636b525fdf928ae7c98ddb5f92f0230b2315168dad02e0
resource-pack	models/armor/ancient_metal_layer_2.png	textures/entity/equipment/humanoid_leggings/ancient_metal.png	32e8cad2f7e6b7ebd3af91b2caf025dfc98d3e488d4347e1828a151a165ab9de
resource-pack	models/armor/ancient_metal_chainmail_layer_2.png	textures/entity/equipment/humanoid_leggings/ancient_metal_chainmail.png	750c759abb69a3fa24c47029ae095b0fea464c987f2c0a6b2fcfaec8cdf6f700
resource-pack	models/armor/copper_layer_2.png	textures/entity/equipment/humanoid_leggings/copper.png	2f974d1e32408a273d7412a03d1d925fb94595fcf0ea5d3ba4ea85af7520515a
resource-pack	models/armor/copper_chainmail_layer_2.png	textures/entity/equipment/humanoid_leggings/copper_chainmail.png	1d6e98f253f3639f17078c393178898de40c7785a6ad89f2aeb2c683e66562ba
resource-pack	models/armor/gold_layer_2.png	textures/entity/equipment/humanoid_leggings/gold.png	32b776b56eabedccc181398498007349b5a56c83c7d19d23d53fcae9b92a13da
resource-pack	models/armor/gold_chainmail_layer_2.png	textures/entity/equipment/humanoid_leggings/gold_chainmail.png	07f890d7e4d97982665ab73c4152f49022a2caa07bd66bced87ffbec4137ca35
resource-pack	models/armor/iron_layer_2.png	textures/entity/equipment/humanoid_leggings/iron.png	677f9481319b47bf58685017e437e0aba1047e5b1ca339ba95c7c65a15a993be
resource-pack	models/armor/chainmail_layer_2.png	textures/entity/equipment/humanoid_leggings/iron_chainmail.png	709ba5c21f597b37235e61cfaf741b1b0a5c29dfed102debb43a70cfde81a26a
resource-pack	models/armor/leather_layer_2.png	textures/entity/equipment/humanoid_leggings/leather.png	4dcf4c820402b04a1983eabc58a8a18abd8bd9d9fb6f4b9152b22f025090621a
resource-pack	models/armor/leather_layer_2_overlay.png	textures/entity/equipment/humanoid_leggings/leather_overlay.png	0ca3517ee2bdf484b5dd6b82bc28caaa4eac81f6b884a5d6985f8cebb0b05cb7
resource-pack	models/armor/mithril_layer_2.png	textures/entity/equipment/humanoid_leggings/mithril.png	5e92fff618216350a0a36f9f1e1f1aeca1ad015450552a9eecacc7a5a3b0d5f7
resource-pack	models/armor/mithril_chainmail_layer_2.png	textures/entity/equipment/humanoid_leggings/mithril_chainmail.png	2488de32eea0219cbc1bf101d7b8eb39df41c3de42b98db978f57a4c50a1dc19
resource-pack	models/armor/rusted_iron_layer_2.png	textures/entity/equipment/humanoid_leggings/rusted_iron.png	23d6497b69a91a9aa8755b782192ee63a1621d5794e51e5b3f937a10bc85073f
resource-pack	models/armor/rusted_iron_chainmail_layer_2.png	textures/entity/equipment/humanoid_leggings/rusted_iron_chainmail.png	5d0873189976875b502abe9e8124613a822d03cbc3d3720082ee317c986b6174
resource-pack	models/armor/silver_layer_2.png	textures/entity/equipment/humanoid_leggings/silver.png	8aaffd54348fc567c7e3a7632a2987c03d65cddc3a17f0c377f61a6000edcdad
resource-pack	models/armor/silver_chainmail_layer_2.png	textures/entity/equipment/humanoid_leggings/silver_chainmail.png	c1e325c02dcddd604e7fbac81e017f6e6a44a29b740540b4ef08850ef202a7cb
resource-pack	entity/slime/blob.png	textures/entity/slime/blob.png	53c57268ff7824adc0172ea458d8f5bb4d1cfcde79d6a9108e867d2f084d0f97
resource-pack	entity/slime/jelly.png	textures/entity/slime/jelly.png	d06059b15408748569f2bb517b3b3a19a50ae113e257f54d88aede551089f289
resource-pack	entity/slime/magmacube.png	textures/entity/slime/magmacube.png	cc1d41dedeaaa50c2938732f2735533ccb5a69fe83407e878b35c7cdaf05ebb6
resource-pack	entity/slime/ooze.png	textures/entity/slime/ooze.png	0b399ee794f0224885b6275c564bfc438168092a0207951233f1be70a762edab
resource-pack	entity/slime/pudding.png	textures/entity/slime/pudding.png	75527ac685d293544cf63d47ec129a2af32968adc61bd6a0af54fa7a6a7dde2b
resource-pack	entity/slime/slime.png	textures/entity/slime/slime.png	3550893fba72bbfea38762d67f060b05d4de48620712d1de2a4cf0abe9472cef
resource-pack	items/arrows/adamantium_arrow.png	textures/item/adamantium_arrow.png	e121003ebce5feb7b0096d13a3b800718e1dc60e2d481c0c3954ecdfb8591852
resource-pack	items/tools/adamantium_axe.png	textures/item/adamantium_axe.png	32e421f3c5934c10b70ddcdca7fbf82312f360101e9a0ffe7036f2893baaaa07
resource-pack	items/tools/adamantium_battle_axe.png	textures/item/adamantium_battle_axe.png	939022c9b684181f78f36c9322ab0a144125a8b52995aeaadc1659d3e1173bfa
resource-pack	items/armor/adamantium_boots.png	textures/item/adamantium_boots.png	13cb2d0cb8882a8621fa3bc7cbee65ea83d8dc90e0b4ae6438d9e0787906fd2b
resource-pack	items/chains/adamantium.png	textures/item/adamantium_chain.png	0c8e1a7093f9405d4c534a76844f985eaf4813429806593e6d652f51093104ec
resource-pack	items/armor/adamantium_chainmail_boots.png	textures/item/adamantium_chainmail_boots.png	b061ad00f226a7c25cb05be5617b005fc9c2bbba7523baa168e8354a53a0e6f8
resource-pack	items/armor/adamantium_chainmail_chestplate.png	textures/item/adamantium_chainmail_chestplate.png	cac70138361fdbfd92ed2f00ba0902ff8218ea25ed1a14ddb1d4aa18e1dafe23
resource-pack	items/armor/adamantium_chainmail_helmet.png	textures/item/adamantium_chainmail_helmet.png	a5d80d3c49f0caba83087fbf6744e7cfa912d531aac9d11af8b26fc4ca9eaba3
resource-pack	items/armor/adamantium_chainmail_leggings.png	textures/item/adamantium_chainmail_leggings.png	851229ca8461ff5bf8ec796b34ba3d576db4be1ac6eecce677b57ef782f6f3a0
resource-pack	items/armor/adamantium_chestplate.png	textures/item/adamantium_chestplate.png	3f71c7e3225f4cf5905a2d445c17aaec9094e118d1f31b0a8c9f94c06ba52733
resource-pack	items/coins/adamantium.png	textures/item/adamantium_coin.png	69972a3e55ef85702da43846bc69a8cf00db0a98ae04affd0b0a900f297baeb2
resource-pack	items/tools/adamantium_dagger.png	textures/item/adamantium_dagger.png	71ed6c93261d082e0bb22d52e137561ac9829b08946ba9c1420ade15b5bfa19e
resource-pack	items/fishing_rods/adamantium_uncast.png	textures/item/adamantium_fishing_rod.png	c326fd30afc595f7013d1e781ad2cdb642716b8b9e696205cc91686a46cbc6af
resource-pack	items/tools/adamantium_hatchet.png	textures/item/adamantium_hatchet.png	6e8c257e775f66d85a6202f3920561825495e0e07deddcfedacb36dac5645287
resource-pack	items/armor/adamantium_helmet.png	textures/item/adamantium_helmet.png	edff0e2a8f5e712aab6ef423b34f8343e258bb7dc6e9cb7170b0d2451e19d220
resource-pack	items/tools/adamantium_hoe.png	textures/item/adamantium_hoe.png	136465ea5476ea4b55169c41f6373a6158dd76748afbd7863219467d3d74f80e
resource-pack	items/armor/horse/adamantium.png	textures/item/adamantium_horse_armor.png	eb36b1b39be7f3ce5537abe00ca87471e580b3be460e1caf467642932d3dc39e
resource-pack	items/ingots/adamantium.png	textures/item/adamantium_ingot.png	b2e1de3cc4473044bb8b58eb30d342f4316ec25099edafd859e09f7617a7abdf
resource-pack	items/armor/adamantium_leggings.png	textures/item/adamantium_leggings.png	5a6d9ce5cdb62a7666849de656d5f9900d4db5840660b9f48d9c41ba17c037ce
resource-pack	items/tools/adamantium_mattock.png	textures/item/adamantium_mattock.png	f838156dde5cb9f790ff34b568056197f5954fd7e25e4af3d65ab81de9bd1c29
resource-pack	items/nuggets/adamantium.png	textures/item/adamantium_nugget.png	a5ee929c3f9a48326b205ebf731036b820c6b2ee19a46d3083af4209bb724341
resource-pack	items/tools/adamantium_pickaxe.png	textures/item/adamantium_pickaxe.png	057b04c57f96ef248d904ad3f4a88986ce3c16319972ab541c995fd81190cf40
resource-pack	items/tools/adamantium_scythe.png	textures/item/adamantium_scythe.png	10300c5db2d431a90dc8ddaa2948235bb4c2591a16c6bee83546ccb6148b8562
resource-pack	items/tools/adamantium_shears.png	textures/item/adamantium_shears.png	2d068d364bc48f4703eb2abf493c942b33aa268daa531f447660ea0e2f50697c
resource-pack	items/tools/adamantium_shovel.png	textures/item/adamantium_shovel.png	12a3d1122d774855d28f78ba1baa4029e6a0fcc9c970712bfe4ae717534d5ae7
resource-pack	items/tools/adamantium_sword.png	textures/item/adamantium_sword.png	9da11a11d13420806ae9aca45cc8e7be51381ef40591ede6d437c6aca920b57d
resource-pack	items/tools/adamantium_war_hammer.png	textures/item/adamantium_war_hammer.png	e68c1a00c573af435e142391298433287c511ec8feb2be4605480858a312cfae
resource-pack	items/arrows/ancient_metal_arrow.png	textures/item/ancient_metal_arrow.png	1b97124b4f8a0a4e5053e08a19188b64784d24e54624cb9c89bbbc70209a2a24
resource-pack	items/tools/ancient_metal_axe.png	textures/item/ancient_metal_axe.png	d6dcdf2e2326b6faadcc3045fa8bea68008aed04d8ce0fc7aff8c772fc052af2
resource-pack	items/tools/ancient_metal_battle_axe.png	textures/item/ancient_metal_battle_axe.png	d1aa5401350c041bde14f2b4a3bfaa849f605ffbbdbfe757ccd612004eaff363
resource-pack	items/armor/ancient_metal_boots.png	textures/item/ancient_metal_boots.png	307749b2a392b05616083e586354f5d3f9c2885cec9c873eff62075caa3bb5d4
resource-pack	items/bows/ancient_metal/standby.png	textures/item/ancient_metal_bow.png	abe106c572b279d620b1334b08753137e75b18f78d2f1f36e209570bfefd6869
resource-pack	items/bows/ancient_metal/adamantium_arrow_0.png	textures/item/ancient_metal_bow/adamantium_0.png	836f6bd39c49c6c260bfa0cb99b6648f055aa8e6876c61688c28ef2b9748ed62
resource-pack	items/bows/ancient_metal/adamantium_arrow_1.png	textures/item/ancient_metal_bow/adamantium_1.png	ebad3698a8ce749d7794ab855c2c34b38f0bcd7ab01c6470b5ba0f99f888ca79
resource-pack	items/bows/ancient_metal/adamantium_arrow_2.png	textures/item/ancient_metal_bow/adamantium_2.png	39bfd31b6e772de516fbc741ff32373732665a3586352f0ead1b4757d225da4a
resource-pack	items/bows/ancient_metal/ancient_metal_arrow_0.png	textures/item/ancient_metal_bow/ancient_metal_0.png	67b302299d6725695a2877d7cea26115466dbf6b00fad9c57687432b45eeebd0
resource-pack	items/bows/ancient_metal/ancient_metal_arrow_1.png	textures/item/ancient_metal_bow/ancient_metal_1.png	d8577eff141e5586792d287a916b27b000a31dfed7da8d6e273bda9ffaa96e0c
resource-pack	items/bows/ancient_metal/ancient_metal_arrow_2.png	textures/item/ancient_metal_bow/ancient_metal_2.png	1b0eae0ad8f3ada829bdb972b35e187e85e47187d4982b48e747197dd3d152a1
resource-pack	items/bows/ancient_metal/copper_arrow_0.png	textures/item/ancient_metal_bow/copper_0.png	bfaa60c41d9cbe5e5ed21bbdeba7741a65b6343d093a8c3418499089aa5a4254
resource-pack	items/bows/ancient_metal/copper_arrow_1.png	textures/item/ancient_metal_bow/copper_1.png	718cf773fbca78a801caf433d53aeb6ef3258648914523110fb6b335a65c8511
resource-pack	items/bows/ancient_metal/copper_arrow_2.png	textures/item/ancient_metal_bow/copper_2.png	7067fcf5c93447376414f057060254d2a520996754c237faf52eafebc59c6308
resource-pack	items/bows/ancient_metal/flint_arrow_0.png	textures/item/ancient_metal_bow/flint_0.png	814b32f4903430f53e995de7c44ff985f82daaf645964e142f41f9aede5424a6
resource-pack	items/bows/ancient_metal/flint_arrow_1.png	textures/item/ancient_metal_bow/flint_1.png	972123b3dcf3c36e268b2aadc276972cf70b517725a06497b675f31ff80f57df
resource-pack	items/bows/ancient_metal/flint_arrow_2.png	textures/item/ancient_metal_bow/flint_2.png	f1033ff0e50d23da93764a398dd8122e17235c125c5483febc12efe744937cb6
resource-pack	items/bows/ancient_metal/gold_arrow_0.png	textures/item/ancient_metal_bow/gold_0.png	d3aeaee77941b42d7bfb52473960e3a4fe35ec82f20dd97d9fbbd0f2052f1803
resource-pack	items/bows/ancient_metal/gold_arrow_1.png	textures/item/ancient_metal_bow/gold_1.png	59a1118c6438d44fbf83f798d51c1752913d3dce5a2475bb3e2495b60f109a7f
resource-pack	items/bows/ancient_metal/gold_arrow_2.png	textures/item/ancient_metal_bow/gold_2.png	3d4b3c348c23fd0aff2252069a64b3afcee73dd63748c5b14caad7b21b35ab2a
resource-pack	items/bows/ancient_metal/iron_arrow_0.png	textures/item/ancient_metal_bow/iron_0.png	159c9f7aef7b70a3bbc5dcb35d17c2c4669a4f0c69b25d22b0b1d36b12c74b13
resource-pack	items/bows/ancient_metal/iron_arrow_1.png	textures/item/ancient_metal_bow/iron_1.png	b17f8904d7c486d625b630af4a44147eec2db97aa57027d62eb0582c340501a0
resource-pack	items/bows/ancient_metal/iron_arrow_2.png	textures/item/ancient_metal_bow/iron_2.png	cba6affecbe02e99ed17e089c5420feee394887197752f90311cde0d549f91af
resource-pack	items/bows/ancient_metal/mithril_arrow_0.png	textures/item/ancient_metal_bow/mithril_0.png	3463b0a470f0290751168071677d0c0490e4596f3e7c6bd53bcaae7a2119d5b0
resource-pack	items/bows/ancient_metal/mithril_arrow_1.png	textures/item/ancient_metal_bow/mithril_1.png	35608f0ed85897323e398819f45a95164fafa60e0d3f3169917dca708c2a21d7
resource-pack	items/bows/ancient_metal/mithril_arrow_2.png	textures/item/ancient_metal_bow/mithril_2.png	61547788620f6d1566446cdf0b85fe5e45766c095f80843601853348d35c5b6d
resource-pack	items/bows/ancient_metal/obsidian_arrow_0.png	textures/item/ancient_metal_bow/obsidian_0.png	c35385cde3905f052a241560b2068e9fdc1ba7eb792ddc16c92e979c5c7bc9ff
resource-pack	items/bows/ancient_metal/obsidian_arrow_1.png	textures/item/ancient_metal_bow/obsidian_1.png	37ed204853849330b0d2141869feef8661631c7cc04d29d541a7cb496625bc89
resource-pack	items/bows/ancient_metal/obsidian_arrow_2.png	textures/item/ancient_metal_bow/obsidian_2.png	3396c0e0874c61ea992ccbf36d8639b6d78a6b3feaa6743a7c6764d99b92a89c
resource-pack	items/bows/ancient_metal/rusted_iron_arrow_0.png	textures/item/ancient_metal_bow/rusted_iron_0.png	68ee435af8243f1f9562a53abd9861691fd263049e50e1c7b81a5b9d7e3ffebb
resource-pack	items/bows/ancient_metal/rusted_iron_arrow_1.png	textures/item/ancient_metal_bow/rusted_iron_1.png	619ff3cb4cb17dd86ff9d1fb3b83c925cbf513ed55cbb85c5379f81940bb1191
resource-pack	items/bows/ancient_metal/rusted_iron_arrow_2.png	textures/item/ancient_metal_bow/rusted_iron_2.png	c5e808f9f7574b196b10a8a0c01f106497aeec40a6fe2dadbb643e8e8f6a0f2d
resource-pack	items/bows/ancient_metal/silver_arrow_0.png	textures/item/ancient_metal_bow/silver_0.png	171b70b727d2d8e03388c61b8239be48301e22584bb834e98a614f37bd6a76c0
resource-pack	items/bows/ancient_metal/silver_arrow_1.png	textures/item/ancient_metal_bow/silver_1.png	d58a3623277ebb67ecc500df81c46bb1e51301e73682e82f22f20f26bcd1789f
resource-pack	items/bows/ancient_metal/silver_arrow_2.png	textures/item/ancient_metal_bow/silver_2.png	9c87ff80061ea93cdc38f0fd239bc02ba51f203b4ebec50421e0c3e995678882
resource-pack	items/chains/ancient_metal.png	textures/item/ancient_metal_chain.png	499f7a1e11e5043394fe9a9bd2c641e6138d80b7bfb4372e27d4eacc82dbae3a
resource-pack	items/armor/ancient_metal_chainmail_boots.png	textures/item/ancient_metal_chainmail_boots.png	894c35c4b8e27b5c5f9e4c52ab5d39a9dc862403f480009eca12061b6f897c30
resource-pack	items/armor/ancient_metal_chainmail_chestplate.png	textures/item/ancient_metal_chainmail_chestplate.png	0712cad2955ed9aeb3409696c2b993268f490aa92bca9b346fcffb91c02b04ba
resource-pack	items/armor/ancient_metal_chainmail_helmet.png	textures/item/ancient_metal_chainmail_helmet.png	b0fb70f69602109ed7540b87920328b09e03e3ea08fb8aec25483f958fae21f9
resource-pack	items/armor/ancient_metal_chainmail_leggings.png	textures/item/ancient_metal_chainmail_leggings.png	3e8c7676f9bfe5f9cb6aabfab94f08ad09bc0e1e7c05bed304a9077508d36882
resource-pack	items/armor/ancient_metal_chestplate.png	textures/item/ancient_metal_chestplate.png	78312036e96c90ed28875e45b0a46e35d991411b75a800c395709cc200a10f2a
resource-pack	items/coins/ancient_metal.png	textures/item/ancient_metal_coin.png	5cb896fa14d59417b13ca609fea1b8acbe5ad8c47ef613f197bee67daa3d0244
resource-pack	items/tools/ancient_metal_dagger.png	textures/item/ancient_metal_dagger.png	0f369eaa3754060d0bbb51e74a441eb31240d1456296afd919c9deddf4001e04
resource-pack	items/fishing_rods/ancient_metal_uncast.png	textures/item/ancient_metal_fishing_rod.png	0335c9e5e8b9e12891ac101a36597fcb2a760e8a5717c0ce46ab769f85430273
resource-pack	items/tools/ancient_metal_hatchet.png	textures/item/ancient_metal_hatchet.png	e5415b0cf4b87b0f08c6bb4a444b86ba3e8f55b19604e1263836b1cbc2b47796
resource-pack	items/armor/ancient_metal_helmet.png	textures/item/ancient_metal_helmet.png	f96c2aeca393cdcf4b8bac08458765118f41788bdbdcbc831d209de0220d500a
resource-pack	items/tools/ancient_metal_hoe.png	textures/item/ancient_metal_hoe.png	628b7fac61176ec1b92e94313f29af30e29228de79f7ad9aa233a836b1d7ee64
resource-pack	items/armor/horse/ancient_metal.png	textures/item/ancient_metal_horse_armor.png	5a07eb19de0988d585c55281871a0ac75c342a1b84598af7aec8d8dcaa57d425
resource-pack	items/ingots/ancient_metal.png	textures/item/ancient_metal_ingot.png	9c7244ca3a538460b20de71882d8c33371f8007cae6a463e49e3687001f981c8
resource-pack	items/armor/ancient_metal_leggings.png	textures/item/ancient_metal_leggings.png	2713ae8eaf33023b98f5687fc88bf027075b0131ef3c064ae7fede7f9cee3941
resource-pack	items/tools/ancient_metal_mattock.png	textures/item/ancient_metal_mattock.png	2639f794a49dc8c9200ce1e06ef6b564151589339a3a9b44ae5d681729ee0972
resource-pack	items/nuggets/ancient_metal.png	textures/item/ancient_metal_nugget.png	ba92521cef2a1bfdaf1b1643d7f20cd11da2366c5c93b70931bcff01dd36f289
resource-pack	items/tools/ancient_metal_pickaxe.png	textures/item/ancient_metal_pickaxe.png	b2fdc796311cf9c690aa046c535d40f278efd8ed3f682d6998ceab1f09fcdbf1
resource-pack	items/tools/ancient_metal_scythe.png	textures/item/ancient_metal_scythe.png	fd5f93fdab5ba021934bff51633a4c6e479116c25645375e2a9903fcefa6cafb
resource-pack	items/tools/ancient_metal_shears.png	textures/item/ancient_metal_shears.png	e217f414a24ee256a933310714d4345875e69a900e22ccb41d80f78bd5a1f46c
resource-pack	items/tools/ancient_metal_shovel.png	textures/item/ancient_metal_shovel.png	085fb9b9bcda7d879acedddaec9d1111eb6b09cfed6b5630e4b21fbcd2164fc9
resource-pack	items/tools/ancient_metal_sword.png	textures/item/ancient_metal_sword.png	3cd6b03cbb2350f5b8a9276748b862d9991dbe647276c7897937f2a06680ce9b
resource-pack	items/tools/ancient_metal_war_hammer.png	textures/item/ancient_metal_war_hammer.png	6620b25e78252fe9a6f6a46a20824a3633bd88fbce4ebd72686f07760a50a140
resource-pack	items/food/banana.png	textures/item/banana.png	f365c6bb99918e527a7f03637144922543257b3c41c29b92eb44ad012bd2e320
resource-pack	items/bowls/beef_stew.png	textures/item/beef_stew.png	0dc745d8caff67250a152e770d41c38b7a348b0a577505a10f4066674edd6434
resource-pack	items/food/blueberries.png	textures/item/blueberries.png	b3134ab9851f04f5c1b5a460ec2ada966f0e9007bdbc8d51c1911102a412faf9
resource-pack	items/bowls/porridge.png	textures/item/blueberry_porridge.png	09371505efba7b3913ae1edd8a20f34f3e8eff0e106aeda3f1173cecaef485ca
resource-pack	items/bowls/cereal.png	textures/item/cereal_porridge.png	f31e49d69ff571174c5697b5eeef5e4c2519e186d3da174218ff939159e27b8c
resource-pack	items/food/cheese.png	textures/item/cheese.png	1e2c2f2c8c11dcd1c91643fcb27c167fccfee62a18ba9c9a0d3d2957059dbe8a
resource-pack	items/bowls/chicken_soup.png	textures/item/chicken_soup.png	bf196ee292c3df16bb72082ead133d11219665d0369d4b35e2538a4f96f501cc
resource-pack	items/food/chocolate.png	textures/item/chocolate.png	f08a81c9afc5a1f1914bc0583804565ffc76ce47814152605317325130703961
resource-pack	items/food/worm_cooked.png	textures/item/cooked_worm.png	a9b37ffec820916ce945d034b2bbdad8b1474a384fd23a52dbaaafaaefaf76bb
resource-pack	items/arrows/copper_arrow.png	textures/item/copper_arrow.png	c4406ea9b3891f3d4bbc1b6f64c3f5c4bfc0bca368445671fc4afb4f5f6940ea
resource-pack	items/tools/copper_axe.png	textures/item/copper_axe.png	b2c33f2686b36d3e27cd734292e0518142b8328ebf47c7db1edf326a7c6a0088
resource-pack	items/tools/copper_battle_axe.png	textures/item/copper_battle_axe.png	8a2f300f74dca5d3d216b2ef53d2bc5a2f1443fe9f89112f2d4163ef0e49a840
resource-pack	items/armor/copper_boots.png	textures/item/copper_boots.png	626866cc866dd04c7236985c1e4c4f4f5c9660e4103e17dee9c525eb82725412
resource-pack	items/chains/copper.png	textures/item/copper_chain.png	e280099245b22cab5eddc68f3f57031dc48a6d44fb1a1adc4f2f5853a307df4c
resource-pack	items/armor/copper_chainmail_boots.png	textures/item/copper_chainmail_boots.png	23eb79043c86cac03be032d976951ae2c8e4071a5f1abc5eaa6aa458f6819505
resource-pack	items/armor/copper_chainmail_chestplate.png	textures/item/copper_chainmail_chestplate.png	bef3a5215cb26680b34848c415be1c5abd3ea13c61d15017b446604ebff66739
resource-pack	items/armor/copper_chainmail_helmet.png	textures/item/copper_chainmail_helmet.png	c42dd543c6b04ef781128be1386186eb571102cf4ee312dd70711f81c0941140
resource-pack	items/armor/copper_chainmail_leggings.png	textures/item/copper_chainmail_leggings.png	92124d2b6e443b44a1017e2b71c36de110f272b89711001852be523bf4b74ce9
resource-pack	items/armor/copper_chestplate.png	textures/item/copper_chestplate.png	e029ed416a963bf31eb9e62edc0c6d0c2d05f3e91bb08857b4d69f5d7cc0c1f8
resource-pack	items/coins/copper.png	textures/item/copper_coin.png	3a4f20e96fdb59eb6cd8c1f307c93d437ce262ffcaee6bc9e9eff51314d97fa9
resource-pack	items/tools/copper_dagger.png	textures/item/copper_dagger.png	0fced144862bcdd43978aa5b096204f9d2d3f52cd1c442e385eb6f3d4cedbb50
resource-pack	items/fishing_rods/copper_uncast.png	textures/item/copper_fishing_rod.png	08eefaf1353b745bf91c0b4c9789d47255891f30fa68a94c6920917f9acf1b5c
resource-pack	items/tools/copper_hatchet.png	textures/item/copper_hatchet.png	60e2cf7663353933c754f28002f4be8420b69ecc84121a7a8be98aa5321c5fbf
resource-pack	items/armor/copper_helmet.png	textures/item/copper_helmet.png	d7545a1cfdf0db88cd61d8fd86a550a01b22e86dd27adc2854273c5eba9567ff
resource-pack	items/tools/copper_hoe.png	textures/item/copper_hoe.png	b9b223765bf34dc06c4e8670c622fba8c03841cb20871b97fab53756c2bb1006
resource-pack	items/armor/horse/copper.png	textures/item/copper_horse_armor.png	ec020cee4c8640cb5d42f54acf33a4f4a335a23dc9b96042674a22a3bf2275b0
resource-pack	items/armor/copper_leggings.png	textures/item/copper_leggings.png	9eea82433fb5798239c360e7d4c7574d8cc77aaedd629af14b4af51bda807542
resource-pack	items/tools/copper_mattock.png	textures/item/copper_mattock.png	12c6356f8e183c110bb8e7a617d22e29f4d6256fbe8a30e755a3ef77e967a3f8
resource-pack	items/tools/copper_pickaxe.png	textures/item/copper_pickaxe.png	6b485d9358b478dddd2bd96ac7d61f81a97424b418a51acc73064e10a9e4aebe
resource-pack	items/tools/copper_scythe.png	textures/item/copper_scythe.png	58292666e39e616a9fe979c05ef0eb5ad1b677c19f7a11201800c440660087cd
resource-pack	items/tools/copper_shears.png	textures/item/copper_shears.png	2c042f8400f7aae9f2e04972902e8b5fb44ed94508c9863bf04a5ab342bdcca1
resource-pack	items/tools/copper_shovel.png	textures/item/copper_shovel.png	8f3e193441145730143149d9fce01512f16ada8846f599500d013b0d25b0bb6b
resource-pack	items/tools/copper_sword.png	textures/item/copper_sword.png	1408d3dfa9161d2d6dda4c01c339a97a6318b9f1c37117939b5911615d3062b7
resource-pack	items/tools/copper_war_hammer.png	textures/item/copper_war_hammer.png	a4eea5f53b2590aa580d7d8e2de18055dafe7a7b11f7d1c541a8f027fb97db7c
resource-pack	items/bowls/cream_of_mushroom_soup.png	textures/item/cream_of_mushroom_soup.png	62c7c82548df050af5c1bb0274d388e8653fe5d5a63ba035dd97c14c822f78a0
resource-pack	items/bowls/cream_of_vegetable_soup.png	textures/item/cream_of_vegetable_soup.png	143ecaddc44ff67778d503a994e0fe3f896a97fde62a7472f7eea8fe5ca764d9
resource-pack	items/shards/diamond.png	textures/item/diamond_shard.png	182719d9415fd202d4d6c8b635d0cc044a3625148dc2a002feb3132ffc5a1480
resource-pack	items/food/dough.png	textures/item/dough.png	d3a895e9c5879e699358cc6adfdd8238cdf63fb33cf49660f3237c6bb20a0965
resource-pack	items/shards/emerald.png	textures/item/emerald_shard.png	9519f79da479b8fcb95d71b4cd5592cf9f6298800f60b4b47f190e6184f26333
resource-pack	items/fishing_rod_cast.png	textures/item/fishing_rod_cast.png	503554123725458a5a3386b4b6751cad91f1f9393ad1031b214a9e5752f94ccf
resource-pack	items/arrows/flint_arrow.png	textures/item/flint_arrow.png	c385555e65f506477549bc875160ed83ebb8b2259ee6e2f08d9738ef380ed4bc
resource-pack	items/tools/flint_axe.png	textures/item/flint_axe.png	ea3307a4d8b6a072a9ce66ac3825decf70afd125249f6ef00b12f3258b2929ab
resource-pack	items/shards/flint.png	textures/item/flint_chip.png	dce24ee5ded8e6bcf15d1b9adda143789cbca955e1c2055addd3c25f4c3a53cd
resource-pack	items/fishing_rods/flint_uncast.png	textures/item/flint_fishing_rod.png	0a4dc775554adb50fa5c6382809138bb33ec4a48b1c6c9c34c47d8266f157354
resource-pack	items/tools/flint_hatchet.png	textures/item/flint_hatchet.png	f43c8e6f84dd4736e53292ecd19f7238c2d5a9fc07d8fec37638d685f1aff655
resource-pack	items/tools/flint_knife.png	textures/item/flint_knife.png	7dd9ad78caad0f4d845d617436e0e5d06716479e641ee4b9c6411e1ea4363dea
resource-pack	items/tools/flint_shovel.png	textures/item/flint_shovel.png	475a888d96daa637dc2ff6ca4e44c5faea2c14d8e085bbe70e4bd41a17149d90
resource-pack	items/food/flour.png	textures/item/flour.png	f8c6bedb2b2ac94a1f014d068f083e19a772a3bc7cb574915fd3690982f317b7
resource-pack	items/bowls/sorbet.png	textures/item/fruit_ice.png	5d6ee9e4311e4643e0701c2555577d8d25481451ce4820aabb81a5ee3ad80f7a
mite-src	items/gelatinous_sphere/black.png	textures/item/gelatinous_sphere/black.png	f1ca194b10d425ed7de2d794603269b4cde9cff3f6de5c3956575acdacd9c4e0
mite-src	items/gelatinous_sphere/crimson.png	textures/item/gelatinous_sphere/crimson.png	7cf1ad4122066833889f3400dd471a0168487dc1e8a7c19a9444eeccafe7703d
mite-src	items/gelatinous_sphere/gray.png	textures/item/gelatinous_sphere/gray.png	074e10fde90a554f5f376f890995aa812dd21e5d271cc74b4cfa8cb60677b5ae
mite-src	items/gelatinous_sphere/green.png	textures/item/gelatinous_sphere/green.png	b7fccd2b24615a71330949b88ecc3c2d55ceb97f0fe45c93736479567dacf7bf
mite-src	items/gelatinous_sphere/ochre.png	textures/item/gelatinous_sphere/ochre.png	d889b02512049ceeafe6a0025635b92e00e50a0a99d4fe2f4eb8dcf756d4c3b5
resource-pack	items/shards/glass.png	textures/item/glass_shard.png	01f9b8ee151f23e214d1d68108fbd650423ed53a78059eb3299625f2940fd26b
resource-pack	items/arrows/gold_arrow.png	textures/item/gold_arrow.png	8821ff1c098d6723e8d6d6c87a8bbd9bdbcb1f16cf8400e501e9b6b3c64236b7
resource-pack	items/tools/gold_axe.png	textures/item/gold_axe.png	af3797bac21957c03ad727fa46cfd62da15887d30c310184e33362a056afadd7
resource-pack	items/tools/gold_battle_axe.png	textures/item/gold_battle_axe.png	717458215da8fbc71df496d3725fa2e9b53a42b5a1c4f3aa814853e96b362918
resource-pack	items/armor/gold_boots.png	textures/item/gold_boots.png	4b7571b2b480059c0b8845858258913468f57921a150d42f90774af077bf21ba
resource-pack	items/chains/gold.png	textures/item/gold_chain.png	c680ded92b2e5d4a468aa11e624c26daedc8040cbb418fab9cdecb1086642ac8
resource-pack	items/armor/gold_chainmail_boots.png	textures/item/gold_chainmail_boots.png	538269ddc5b20534ea00a99dcf5c4d1c7092754fe2e3607ad2f71ea11bb937d4
resource-pack	items/armor/gold_chainmail_chestplate.png	textures/item/gold_chainmail_chestplate.png	bd9734e6942df1ddf7a9d65ac57fd37ddd475305e01f3f0643431862cbd02435
resource-pack	items/armor/gold_chainmail_helmet.png	textures/item/gold_chainmail_helmet.png	d39ac5b03de2fac86d7835ed849f320989d0f5d0aaacb235ebeabb3f9f80d058
resource-pack	items/armor/gold_chainmail_leggings.png	textures/item/gold_chainmail_leggings.png	07a4120b2ab1716c5e4f63c78d161b6393687e78114b66882bc051763b8d9d5a
resource-pack	items/armor/gold_chestplate.png	textures/item/gold_chestplate.png	8cf8c26d8114411b28d8821c4d37949b2dc23b65ecf22975236e7e2ea308ce3e
resource-pack	items/coins/gold.png	textures/item/gold_coin.png	b858537232859df99787612d4a065fd701b5f3c39debac1448d8cd2577773e5a
resource-pack	items/tools/gold_dagger.png	textures/item/gold_dagger.png	da72a6065fc38ff658d0362ccf0f89985c5be5407f2bbd1c24702f42bec0a4b1
resource-pack	items/fishing_rods/gold_uncast.png	textures/item/gold_fishing_rod.png	a92082b0f82d48b288425c238e92316433f82b26aeb956b32ad2a064930e292e
resource-pack	items/tools/gold_hatchet.png	textures/item/gold_hatchet.png	61eef6cb6ea3581aa7a8bb175c44d9b8d4a72618690e4ff93dda323761e96dc4
resource-pack	items/armor/gold_helmet.png	textures/item/gold_helmet.png	8ae45e17781348267aa32b03e7e4f8c828d1f62b2b9a3f4216b04b6932f73868
resource-pack	items/tools/gold_hoe.png	textures/item/gold_hoe.png	566b4265eda9bb8e6a099efd0478b40095c80b354bed2b7a8ebdb2fa1404033d
resource-pack	items/gold_horse_armor.png	textures/item/gold_horse_armor.png	06f2b33036dbd3b262732b12093ce6202d86399b7f70730d29af5a4d1c835d04
resource-pack	items/armor/gold_leggings.png	textures/item/gold_leggings.png	158ea37cf5d31214ffc3a0c57f34451e08f97aedeea16d2f90dff7e666ec67e9
resource-pack	items/tools/gold_mattock.png	textures/item/gold_mattock.png	65e3052e5a30541e79c74b6f24fc70daf7e61a769436f412df7df86b847e9210
resource-pack	items/tools/gold_pickaxe.png	textures/item/gold_pickaxe.png	3711b8a38c6604a4470bf5f2bbb1521bc16c2570e0f6193f6a4b6db6a8e348be
resource-pack	items/tools/gold_scythe.png	textures/item/gold_scythe.png	d93883cff084e1f183648d5a0d6961d5c00260f0196fafbf8b3a86ed2dd0ebd5
resource-pack	items/tools/gold_shears.png	textures/item/gold_shears.png	12425ef13dc65ae2ab4064c7dff1ab96caab9af40ff5fe4f8b20704fa8a281d3
resource-pack	items/tools/gold_shovel.png	textures/item/gold_shovel.png	49ed24089056528b3a49b92c0a1ac898ab08e78cc69e85ad7d02073c8710801b
resource-pack	items/tools/gold_sword.png	textures/item/gold_sword.png	ec9c723ff0d81cf7254ec59819a4179c65a15edcc9148bddea569e54791b25da
resource-pack	items/tools/gold_war_hammer.png	textures/item/gold_war_hammer.png	c1b1d86bd7e4f02162ae21f5f2968a8fa11d4dfd4b0d68e62f97d57c989ba686
resource-pack	items/bowls/ice_cream.png	textures/item/ice_cream.png	52141d720382253cef3da7f40ce76d81634d0304bb5f795f51111a8faf105c8b
resource-pack	items/arrows/iron_arrow.png	textures/item/iron_arrow.png	fb5524edcfaa902b16981675b19b6feb6d3f4fa93b28c6eee27b37b18c0fe651
resource-pack	items/iron_axe.png	textures/item/iron_axe.png	8dea40bac06c6f14bb0ad9e8b47de63250f6d6a46ae9439b85ddd1377f1edb49
resource-pack	items/tools/iron_battle_axe.png	textures/item/iron_battle_axe.png	0c89576bfdd9f8c388241a6600bb75bd5c2df599303430f6bcab351c5c10c596
resource-pack	items/iron_boots.png	textures/item/iron_boots.png	e4a500c023d7a54a63810b97187de55503960298a225bd64f68e18253e408a14
resource-pack	items/chains/iron.png	textures/item/iron_chain.png	84269bac424f5336c8c9a77965f6ba189931afa7c70f6cbce9e08bae4ed838a5
resource-pack	items/chainmail_boots.png	textures/item/iron_chainmail_boots.png	061be8e65b0e28df352a8da03d28d587dfa73cfd5f795af4833d4463e3213811
resource-pack	items/chainmail_chestplate.png	textures/item/iron_chainmail_chestplate.png	fa35055fc557527bd4f63d696fef640f505f28073964afd2fcc5757dcef36ccc
resource-pack	items/chainmail_helmet.png	textures/item/iron_chainmail_helmet.png	43ff24a39061e9ac1143254e803877331587479a2398c801a7d4be7329c918a3
resource-pack	items/chainmail_leggings.png	textures/item/iron_chainmail_leggings.png	6836097d33aa0d542b4f1f29874bc09297244a5a6dce4221d68c8a4493202150
resource-pack	items/iron_chestplate.png	textures/item/iron_chestplate.png	028d1a738128c5622471a9d1b94f00b49a696e7c4fac3dfccd07272e50021f71
resource-pack	items/tools/iron_dagger.png	textures/item/iron_dagger.png	04fb6052defac4b31655793481c7a90ce17c9b0cad70713096da262f41b29816
resource-pack	items/fishing_rods/iron_uncast.png	textures/item/iron_fishing_rod.png	eaf66dce8f2dfccdc95c8b2c8df7d715bb4a337dfa250a227a9eb58b73b0602c
resource-pack	items/tools/iron_hatchet.png	textures/item/iron_hatchet.png	22a7f4c893fb4f58988afbdc560120d86f9ffc1c811f993a5aaf2c76e4fa4eaa
resource-pack	items/iron_helmet.png	textures/item/iron_helmet.png	db530074cf0a2b1e6d6958f66536625764f47e00e3c1cc9f558586c24a5cf9dc
resource-pack	items/iron_hoe.png	textures/item/iron_hoe.png	4ed88a87c141168b4552041174e83105e5d5825ea9b96836dd4869c674848d69
resource-pack	items/iron_horse_armor.png	textures/item/iron_horse_armor.png	8c64960c3abaca66e7092b9568fdd84a6b7fcd1663bc0a2a0559826ef57802c0
resource-pack	items/iron_leggings.png	textures/item/iron_leggings.png	64fee8e18c943e5131041b6cd560c33e2d512f3a56f99cbc4a1c545479ccba2c
resource-pack	items/tools/iron_mattock.png	textures/item/iron_mattock.png	412f6889e2b710af114f87def5abe42208c69e0a31b9b880ef430e353b6d3f19
resource-pack	items/iron_pickaxe.png	textures/item/iron_pickaxe.png	67305d8bd14e1d60633258f52055fce5aeaea7837c10e62d436fc16f163be627
resource-pack	items/tools/iron_scythe.png	textures/item/iron_scythe.png	281829746ab3e0b08505a1ad1f0d8008fce42b9cd3c68adc0202837f82a18235
resource-pack	items/shears.png	textures/item/iron_shears.png	5297ebd3d3e1e6cdf874e76fd498b0495878fb085f630de55a4dc19f21eec15c
resource-pack	items/iron_shovel.png	textures/item/iron_shovel.png	c9d36d59ec53ebc631bd24930f62087c316eef39bd237d8bb69cb2bb629dfae5
resource-pack	items/iron_sword.png	textures/item/iron_sword.png	ed1fa2f83955583e70a19791455d13989e8bd93b1d7240e775a57141022bed6b
resource-pack	items/tools/iron_war_hammer.png	textures/item/iron_war_hammer.png	82068925feea37b4cb56bedf30f89d0cfcda80492c90b3b21237c50a7ffb6c28
resource-pack	items/leather_boots.png	textures/item/leather_boots.png	d54ca10f90b72004436fd9a6aa8d136a692f89f505056ae47d8395137b46637c
resource-pack	items/leather_boots_overlay.png	textures/item/leather_boots_overlay.png	fbd87a98ff5bab4a028c2f314a98c19434cfb71d947fbde129ec474196568cb0
resource-pack	items/leather_chestplate.png	textures/item/leather_chestplate.png	f4388ae2703b5eb9139d965c242289da09d6b26c8025d67a148dfd03597271bb
resource-pack	items/leather_chestplate_overlay.png	textures/item/leather_chestplate_overlay.png	eec51b2266af48812f347de3b41d10c16205fe602ef0b02efb52af190365edea
resource-pack	items/leather_helmet.png	textures/item/leather_helmet.png	fb5c1283c5ad8e2d32ad4154e12f759a94d0431f36ecca49b3da84ffc050cd7c
resource-pack	items/leather_helmet_overlay.png	textures/item/leather_helmet_overlay.png	5ece5fc6b1b2423953c42de058c9641dd6eacd50027f9226cac2e20f8e7add4c
resource-pack	items/leather_leggings.png	textures/item/leather_leggings.png	5fe9d39042279e71ed6279e430401f46a571c519768717631c5683d3b6f65536
resource-pack	items/leather_leggings_overlay.png	textures/item/leather_leggings_overlay.png	3256a5dbbf0e249dbbc90421c97dabd7407b6e5372768c6b18c0c79d32c7f50d
resource-pack	items/manure.png	textures/item/manure.png	142c979ccd4cc1a06641c60f54a909a6ab37ea2672595548ca8f2aadc6e6c33a
resource-pack	items/bowls/mashed_potato.png	textures/item/mashed_potato.png	38414b25798fddf1cb8b6b14af15d70f00447a2817f7c21263bda4b6e1a992a2
resource-pack	items/bowls/bowl_milk.png	textures/item/milk_bowl.png	374bbd341dcfc0db8a67884c9bd959ddab44145ee890e5654232280c52d61ed7
resource-pack	items/arrows/mithril_arrow.png	textures/item/mithril_arrow.png	1dc39782d82066132b35c0ebdb2494b5a7e3475d336eea936d9ad7aa02bda385
resource-pack	items/tools/mithril_axe.png	textures/item/mithril_axe.png	cfc7cdb30b5d895e43befc0b0dcff6a096383c8fa0366e0521e85703d561f762
resource-pack	items/tools/mithril_battle_axe.png	textures/item/mithril_battle_axe.png	3419104a5228093b565cebc5052e1a20f549b2e56fa920f68145b512219af521
resource-pack	items/armor/mithril_boots.png	textures/item/mithril_boots.png	f4a13c6cb3613a77cb2fd9a632f3d6758670c8f8a9a5df74733e8dd77181253b
resource-pack	items/bows/mithril/standby.png	textures/item/mithril_bow.png	0efe69072ed074a5830f5cb52d44cc28d2f19b8cca861b68ff6ad7f48280fe99
resource-pack	items/bows/mithril/adamantium_arrow_0.png	textures/item/mithril_bow/adamantium_0.png	5826a03273e546a10beb00efb5c950e89c900b10fda8bd577c2a7aef5465be4c
resource-pack	items/bows/mithril/adamantium_arrow_1.png	textures/item/mithril_bow/adamantium_1.png	653da89249eb0854469b11e6f3d938f2dec8b1e4be1bc54567272ef20f811887
resource-pack	items/bows/mithril/adamantium_arrow_2.png	textures/item/mithril_bow/adamantium_2.png	171092be1b6302a1e205617a8d6cdca53e10e1e73b250d56568319047ddc42ba
resource-pack	items/bows/mithril/ancient_metal_arrow_0.png	textures/item/mithril_bow/ancient_metal_0.png	56d00ac91c867b3232595d6171ab1d260ba13141ab82208529d9cb5b42f703e1
resource-pack	items/bows/mithril/ancient_metal_arrow_1.png	textures/item/mithril_bow/ancient_metal_1.png	7fdd0913e8ca1fe2d3e1437d1d30eb0fa8a40c03c47e933d7a3da73db9a7072f
resource-pack	items/bows/mithril/ancient_metal_arrow_2.png	textures/item/mithril_bow/ancient_metal_2.png	e4660f7009c70914bde9d1100f07db3edd22226d63758bd5f52e4dc6b9835700
resource-pack	items/bows/mithril/copper_arrow_0.png	textures/item/mithril_bow/copper_0.png	9bf2af99b67549819ac0e7420915466ea270b631dc7ee31554f61b890d16d2d6
resource-pack	items/bows/mithril/copper_arrow_1.png	textures/item/mithril_bow/copper_1.png	07b4aaad52eae8c0b1416757f1a83a286a7c2154772831d0838279e0271cf3fa
resource-pack	items/bows/mithril/copper_arrow_2.png	textures/item/mithril_bow/copper_2.png	b618df133b2120e8c42ddd72b612d9b71ad957c85fa360a26b4dc57551ec3b77
resource-pack	items/bows/mithril/flint_arrow_0.png	textures/item/mithril_bow/flint_0.png	2bb2cca2caaf1cd1b6eb864f4d096291a4bab6dd40608538f62f83769f6e8d98
resource-pack	items/bows/mithril/flint_arrow_1.png	textures/item/mithril_bow/flint_1.png	8051267a097a720912c227c1d10ba66610250788d29ebcb154ea29f833cc8d51
resource-pack	items/bows/mithril/flint_arrow_2.png	textures/item/mithril_bow/flint_2.png	9c3c914d64c7517f6b7b9d886e2d90f6a4840b5f0809717c98b4d4533ff44fb7
resource-pack	items/bows/mithril/gold_arrow_0.png	textures/item/mithril_bow/gold_0.png	31fa05328abc8f72179449d92ebbc9ba8c5a1e8d594be6cdf65ace57c0df42d4
resource-pack	items/bows/mithril/gold_arrow_1.png	textures/item/mithril_bow/gold_1.png	a43c134751cad0e38a3302690815a213cd0a48447f8f5aad648aa2af2db2a7d7
resource-pack	items/bows/mithril/gold_arrow_2.png	textures/item/mithril_bow/gold_2.png	acf083f3ce03b3ec49e113a08f9b439748c20a1cbf016583126f9ea80d4eb7a4
resource-pack	items/bows/mithril/iron_arrow_0.png	textures/item/mithril_bow/iron_0.png	808679f52254f685a9f00ecdcd838a73ac2bc39afac222dd4a3a4b2110399e46
resource-pack	items/bows/mithril/iron_arrow_1.png	textures/item/mithril_bow/iron_1.png	bcc06258f71302b665eb8fb4094e894acf304d5e250c627d6e932379eef03e4c
resource-pack	items/bows/mithril/iron_arrow_2.png	textures/item/mithril_bow/iron_2.png	3bdf02806f12750fe9a65ae4babd88891afcaff526f369da6fb1a5ab180f145b
resource-pack	items/bows/mithril/mithril_arrow_0.png	textures/item/mithril_bow/mithril_0.png	5ad32f983c9cf247dbffc9b1b4b709a956c50cb9df7b37f3fab7ad2652cc0c74
resource-pack	items/bows/mithril/mithril_arrow_1.png	textures/item/mithril_bow/mithril_1.png	478e04de4da31ab5df4ff18a6000712ec88d983765ea2f1445c7f375c7f5085d
resource-pack	items/bows/mithril/mithril_arrow_2.png	textures/item/mithril_bow/mithril_2.png	f05aa163fe749d7dbd6dd5d19a1bfe894484d4fef7284c9bd3fdbf9db567c7e1
resource-pack	items/bows/mithril/obsidian_arrow_0.png	textures/item/mithril_bow/obsidian_0.png	5b4b6ea6be22e27d7e92e0cc8bfa10526a69fb80e50d4de2dde7ecee9526e021
resource-pack	items/bows/mithril/obsidian_arrow_1.png	textures/item/mithril_bow/obsidian_1.png	b4e1a916a0cdc0a3c97ce4f317d9a1c129d71f845861a0a270a2a76a7fc34cf9
resource-pack	items/bows/mithril/obsidian_arrow_2.png	textures/item/mithril_bow/obsidian_2.png	5723720021a94dc7ff48365c703a997829098249be50aaa339af9d2813ac4b6e
resource-pack	items/bows/mithril/rusted_iron_arrow_0.png	textures/item/mithril_bow/rusted_iron_0.png	0d6781ba9ff795c8004f3dd40b9a4fc15a84d36cdcd0b2459a9eece15f17ce21
resource-pack	items/bows/mithril/rusted_iron_arrow_1.png	textures/item/mithril_bow/rusted_iron_1.png	b82436ce91ec65a5f767d304b35edff36237e044682132a63c7b80fb657a5a07
resource-pack	items/bows/mithril/rusted_iron_arrow_2.png	textures/item/mithril_bow/rusted_iron_2.png	9e00bf8860aca88e13d6ca781adc4f600ad76b96451d855837b03ec817a72037
resource-pack	items/bows/mithril/silver_arrow_0.png	textures/item/mithril_bow/silver_0.png	7f4931cad515709e94b83fb0563c50d15e4ade24e873dc89a9c048c3c3d98024
resource-pack	items/bows/mithril/silver_arrow_1.png	textures/item/mithril_bow/silver_1.png	3e62c4ef7673048f9f70ac73ea0e7f6ec40ea275672c6c5878bb0bec85ded6aa
resource-pack	items/bows/mithril/silver_arrow_2.png	textures/item/mithril_bow/silver_2.png	55a909355762b69d5259e9ecb54cc052e34005093060406d01f3a6106720b0df
resource-pack	items/chains/mithril.png	textures/item/mithril_chain.png	f246ba7856fe316e8d1d024acbf715ed4663b3cc493cd5d320d030372125327a
resource-pack	items/armor/mithril_chainmail_boots.png	textures/item/mithril_chainmail_boots.png	9de19819fe03f193d359572d905c3b2e330046b750db49e6be107acd2b912390
resource-pack	items/armor/mithril_chainmail_chestplate.png	textures/item/mithril_chainmail_chestplate.png	d1522c941a4529d4eed6c463e069bf6e2a816131ad79adebcd670d86e083828f
resource-pack	items/armor/mithril_chainmail_helmet.png	textures/item/mithril_chainmail_helmet.png	33a0bfc709c7c5d374ddc95aad5b5cd384a33c27222c222637802ace96bd4eb3
resource-pack	items/armor/mithril_chainmail_leggings.png	textures/item/mithril_chainmail_leggings.png	70f3f288b0e3785fef461da159efd87d1fba670803c1a6cafe36c2b5ca60a632
resource-pack	items/armor/mithril_chestplate.png	textures/item/mithril_chestplate.png	26773a5715cd61f4ff08d4317a9e0139d19b661357fc2e60d2e2d45ff4f12933
resource-pack	items/coins/mithril.png	textures/item/mithril_coin.png	2cc3ff62a7879871857b9cec76a4c3a5cd0562d2ceaf859274544fc920ad1686
resource-pack	items/tools/mithril_dagger.png	textures/item/mithril_dagger.png	a5a5ed334cb35ab77124847ced33b7d255257093fd8215b99a3dd7083deca549
resource-pack	items/fishing_rods/mithril_uncast.png	textures/item/mithril_fishing_rod.png	1762980edf55302f3c910152e5a6d54c02bd0bba4e69c29f25a8e48b7c53a45d
resource-pack	items/tools/mithril_hatchet.png	textures/item/mithril_hatchet.png	0b9b4c988b920313cc5e251c8049d995a3ec3008f9b26605890cc0b3ec730bc2
resource-pack	items/armor/mithril_helmet.png	textures/item/mithril_helmet.png	15ae8f6d430c63c89d6484c4f644845d4400721b7a945bdd4aced018d398f9a6
resource-pack	items/tools/mithril_hoe.png	textures/item/mithril_hoe.png	3e3e18d9f0c8ed540442163aaa6b9117733f78923116b20759a1ad9b1541a8e5
resource-pack	items/armor/horse/mithril.png	textures/item/mithril_horse_armor.png	dfb02035dae4cc1dc78b2d1ac1c5e011df24d18117a8d4ca561dab623aec5620
resource-pack	items/ingots/mithril.png	textures/item/mithril_ingot.png	14b329dde567c0493d89338dfd666915708f06ad6c023c6935792b7037367422
resource-pack	items/armor/mithril_leggings.png	textures/item/mithril_leggings.png	ed9a4547c3a182e2e35bfa38ef81eda1f005990628143cd2197aa172b75202a4
resource-pack	items/tools/mithril_mattock.png	textures/item/mithril_mattock.png	1a7a80a3d00743be78e5d6d8e1494369cffe983afcc3f7a4eb470dfd7f79b153
resource-pack	items/nuggets/mithril.png	textures/item/mithril_nugget.png	5c2c8a9d131cf285b48cbae808ba0b568214f5258d3c3553e37b19e741acb3f2
resource-pack	items/tools/mithril_pickaxe.png	textures/item/mithril_pickaxe.png	d19795a361cf9c01218d792c0f2dc77d4546d3e514b910274ce50c144d14574b
resource-pack	items/tools/mithril_scythe.png	textures/item/mithril_scythe.png	7f64edece8bffab74398809ed5d6a8d1ba1485d30a8582630c279ea4a5cb9b0f
resource-pack	items/tools/mithril_shears.png	textures/item/mithril_shears.png	5b2ff23e2dd61b91bdefa5d92f805cd33a8007cebd49e06acd4315ce3844bd32
resource-pack	items/tools/mithril_shovel.png	textures/item/mithril_shovel.png	16d76e30feeb76541c70d149a42df42db6cbcd12f6f08a03a6ff3fc314916259
resource-pack	items/tools/mithril_sword.png	textures/item/mithril_sword.png	f478b1824d2a004d9a7865c7fad4b7b74fc5ffabdd13a5f7fc4962b70e02b6d0
resource-pack	items/tools/mithril_war_hammer.png	textures/item/mithril_war_hammer.png	71d76433bd59c8c9317191a2a4721d1763219a080e2de387fd367750f091526d
resource-pack	items/shards/quartz.png	textures/item/nether_quartz_shard.png	74e6172118e7b96f02728584f3746f22ac210140280cff5dc2dda405a2ce658d
resource-pack	items/arrows/obsidian_arrow.png	textures/item/obsidian_arrow.png	733ff124c9f0d3ceb77bcd2bfc1653181cfdad3e5d18c45b3daeb7397dd8b20b
resource-pack	items/tools/obsidian_axe.png	textures/item/obsidian_axe.png	847863c49bfd7d2b3cec53e2e9a9315901ab3bd90873d92bb7a2e517375a20aa
resource-pack	items/fishing_rods/obsidian_uncast.png	textures/item/obsidian_fishing_rod.png	945e137f922d1a1dd31e2684b4315878d53eb4adbb351124f9e7a384ab19db8e
resource-pack	items/tools/obsidian_hatchet.png	textures/item/obsidian_hatchet.png	4f8f19e060776e7645ad1e3cb65333c34c0e21cc27349da44a2183a9f43367ea
resource-pack	items/tools/obsidian_knife.png	textures/item/obsidian_knife.png	b8a7e938ddfe955a6eb60904b2da4c037d9f239b2c23559ec1c924c5796a3754
resource-pack	items/shards/obsidian.png	textures/item/obsidian_shard.png	573ef14e08c19d30d776d9061553b44e38a8af8511d1806c46abe196a20c9442
resource-pack	items/tools/obsidian_shovel.png	textures/item/obsidian_shovel.png	45ef2a179a7371d841dbdab1cb85c8d338110fe6d5711f54fcc72971093c6291
resource-pack	items/food/onion.png	textures/item/onion.png	f2974f9935a8b0e8a527a1695d945b6e5749a006f460372d3479588c2b529ebf
resource-pack	items/food/orange.png	textures/item/orange.png	0861b10916c58b58a650d8f9be892f123f882e796746944e03f70a176958bafb
resource-pack	items/bowls/pumpkin_soup.png	textures/item/pumpkin_soup.png	3e411a0d8ad3b8ca1dffea618b4a127449a28e8e6f915bdf32ef172e11c988f0
resource-pack	items/arrows/rusted_iron_arrow.png	textures/item/rusted_iron_arrow.png	a65b7fd62263da7a4585c3423584983e7b332c202823dcdd391081512ace2e22
resource-pack	items/tools/rusted_iron_axe.png	textures/item/rusted_iron_axe.png	ae30e1373118408702f38d6abf261848fb7a8fb2b8746c4cc9a54443c847e35f
resource-pack	items/tools/rusted_iron_battle_axe.png	textures/item/rusted_iron_battle_axe.png	5353cc718353de9c58e1d6af53dc23f63287550497b0a02414aa546500b4140e
resource-pack	items/armor/rusted_iron_boots.png	textures/item/rusted_iron_boots.png	f53c838bb091dce123e601b559084ca51512083b944fe920572781da9dfbe45d
resource-pack	items/chains/rusted_iron.png	textures/item/rusted_iron_chain.png	372e8d4e3c3f30ad504b368c4da63805325b358d461a830c63222321f51e98ae
resource-pack	items/armor/rusted_iron_chainmail_boots.png	textures/item/rusted_iron_chainmail_boots.png	83e6c21c6adcf1759e0c927e35f7f1956bac14bc9f8d6d604c183cac7406fa4d
resource-pack	items/armor/rusted_iron_chainmail_chestplate.png	textures/item/rusted_iron_chainmail_chestplate.png	e64137e231941a84fec187a5cfe02971dcea096328fc5cbf66bf44d9780a345c
resource-pack	items/armor/rusted_iron_chainmail_helmet.png	textures/item/rusted_iron_chainmail_helmet.png	bed6a3f87868deef74a818a3416bb255595d15975cb1bb52ed35af122514a414
resource-pack	items/armor/rusted_iron_chainmail_leggings.png	textures/item/rusted_iron_chainmail_leggings.png	b7e7ed81f23bfea1ae725cc1b4a83fd5709228dbc9ee56b8718c787cff46c485
resource-pack	items/armor/rusted_iron_chestplate.png	textures/item/rusted_iron_chestplate.png	dbc04c73fb9cad8e3da44216dc4e6f941276f927922e7fe691c333151fa5efd9
resource-pack	items/tools/rusted_iron_dagger.png	textures/item/rusted_iron_dagger.png	f0a424100cde0e6c7f6fc5f61ce4acf46502f3dab1b4c914063f488b5a64db91
resource-pack	items/tools/rusted_iron_hatchet.png	textures/item/rusted_iron_hatchet.png	c2de1adc33f5cdb10b4b88aa3ee1a040fe1bab3771d398e44c11471d8b72edd3
resource-pack	items/armor/rusted_iron_helmet.png	textures/item/rusted_iron_helmet.png	deb211d6cd07c6b108523dcd650a868f6e0779364d7ba39c0f39d44f6858066c
resource-pack	items/tools/rusted_iron_hoe.png	textures/item/rusted_iron_hoe.png	75df2515ffa181844314009dd9f535ba3ad74cf40e0a54154e64ef9f68e6481f
resource-pack	items/armor/rusted_iron_leggings.png	textures/item/rusted_iron_leggings.png	e7f2c97d05201a6142e767d00f0b72ec145394bec2520e6a40bf483ae9051f91
resource-pack	items/tools/rusted_iron_mattock.png	textures/item/rusted_iron_mattock.png	a83ba2851e45f9f6eaeb1ae56d3f8d5c5bd1d4fa80eb2af8c7389ffe98182943
resource-pack	items/tools/rusted_iron_pickaxe.png	textures/item/rusted_iron_pickaxe.png	cb7be8e2847002a8558dcf9b7fbaa3d9147b81dfecb4baeb8e8fc45fb849939c
resource-pack	items/tools/rusted_iron_scythe.png	textures/item/rusted_iron_scythe.png	aa7d47c5a49dbdb064b25fb36765c2166273513c967cbc8f3b0c6593c0fb49af
resource-pack	items/tools/rusted_iron_shears.png	textures/item/rusted_iron_shears.png	1f52d997d4742cf0acdae9c777a71abdd919f9dacb82be7c1d575bdca2bbf043
resource-pack	items/tools/rusted_iron_shovel.png	textures/item/rusted_iron_shovel.png	6d7f6663f32aef0a1e8426dd7ef276f69740a385d7e3987ee0a0844496ae8d21
resource-pack	items/tools/rusted_iron_sword.png	textures/item/rusted_iron_sword.png	8912a18d10b9a921181f2b4bc6c8a8f877aca1072480c340b6d83b78b3279a7c
resource-pack	items/tools/rusted_iron_war_hammer.png	textures/item/rusted_iron_war_hammer.png	2e744ca7fe38e490a63446c38be9c27ef0a4fff9ee40ec4ff0368ee11efdc1dd
resource-pack	items/bowls/bowl_salad.png	textures/item/salad.png	7e0efb2b59f676d61a53a27e017de548511a18a95580d4eeb80e186a73465958
resource-pack	items/arrows/silver_arrow.png	textures/item/silver_arrow.png	9fc2ddc0bd8613f3b1a1ad890bb774747b96c4c0edb944d1dd3c764fd04a8f1f
resource-pack	items/tools/silver_axe.png	textures/item/silver_axe.png	47b6d5d774e5a46c56a6845e057745d9752a0552c9180f1d75d2d8e94179f1a6
resource-pack	items/tools/silver_battle_axe.png	textures/item/silver_battle_axe.png	c63c0b7baad721695ed18f7e851672daecf065e05a3faf868925459192f1f9e4
resource-pack	items/armor/silver_boots.png	textures/item/silver_boots.png	69c16920e5b6c7ae9e758462ec8232ba44722b9a3d4dd0b136952afa061782bf
resource-pack	items/chains/silver.png	textures/item/silver_chain.png	a770e0062e89a3dec37abf6cf09da35a712dcbe4cf32c60562c970e5391cf66b
resource-pack	items/armor/silver_chainmail_boots.png	textures/item/silver_chainmail_boots.png	334492a5be1683ea13a90870c6610e84081fbc18fab65b68cc84ec5e27c3d74a
resource-pack	items/armor/silver_chainmail_chestplate.png	textures/item/silver_chainmail_chestplate.png	67c24588fe99d8bf6007800a3c0554ace70dcf27c0d3aa0d3643a08de9b3e141
resource-pack	items/armor/silver_chainmail_helmet.png	textures/item/silver_chainmail_helmet.png	dda30c0074be39057ae10e405733a45406dba96fc045fae49b224c6e398f4d00
resource-pack	items/armor/silver_chainmail_leggings.png	textures/item/silver_chainmail_leggings.png	fd9483875bff4dcef46e3e31e0d92088ee10b2e925928f35d84ed26e4f9ed2a0
resource-pack	items/armor/silver_chestplate.png	textures/item/silver_chestplate.png	86f15c39431c342c17878e289a9ba03f154bce9a134b4e236c5bc38b3980e7d4
resource-pack	items/coins/silver.png	textures/item/silver_coin.png	2f59d23315fccf57cbf361edfe8bd34e5b8751ec7a61b5d9e208a3d9c4e054ac
resource-pack	items/tools/silver_dagger.png	textures/item/silver_dagger.png	083b2a4fc3fccbe465a3fbc2bd2638baf4ccddc6571b31c867db9991237c4751
resource-pack	items/fishing_rods/silver_uncast.png	textures/item/silver_fishing_rod.png	06c9a61d90a956a1561369190865e2c68efdbc27378a4464a73fdd5b77910157
resource-pack	items/tools/silver_hatchet.png	textures/item/silver_hatchet.png	6539125d0b357f78e683a3949f3978ad0fef2d692e570fd887789ec027bc14b1
resource-pack	items/armor/silver_helmet.png	textures/item/silver_helmet.png	212736f53a1ca67bda3e5dcfe4b8cb77ac8f4b36a5923d032b14cc679eaecac7
resource-pack	items/tools/silver_hoe.png	textures/item/silver_hoe.png	673b0f5f82b074b02ec3edad1e37809020f37dcda91ff2862e44e123f967a61b
resource-pack	items/armor/horse/silver.png	textures/item/silver_horse_armor.png	1d17ecfa56274c92dd064673de56db5e0c0e875f982bc2cda8578c84140676ff
resource-pack	items/ingots/silver.png	textures/item/silver_ingot.png	7c9d99fa4204c8373b076b56115e2b74f098ef6615c2d68a22b90d58e1d5350a
resource-pack	items/armor/silver_leggings.png	textures/item/silver_leggings.png	5439794794dfe5141034a1d0e32cb1e199e9ef30d121d2aa479ce1327cde3c56
resource-pack	items/tools/silver_mattock.png	textures/item/silver_mattock.png	84fb4a8053bf3f17f997f6f3ed8806d9e3df205cbb1ee80044419d727e620539
resource-pack	items/nuggets/silver.png	textures/item/silver_nugget.png	7cdb89c30134cadbe77dfe2e49ac3c012d06f8c6feebfa72a4584e9defbddf0c
resource-pack	items/tools/silver_pickaxe.png	textures/item/silver_pickaxe.png	83da18ca692347e92b1e0fa3aa88d5bf872241d5c8bb0d8312242e3744a33179
resource-pack	items/tools/silver_scythe.png	textures/item/silver_scythe.png	e9ac1f4b3d881f2aa6d9dc1ad8c6902cce55f18eb1ae8df046332190d3f4e8b1
resource-pack	items/tools/silver_shears.png	textures/item/silver_shears.png	68e8dbfd79ac7b6b5df9dd3f16f3e0d10ba4cc59311e2e5ff59364ce49118af0
resource-pack	items/tools/silver_shovel.png	textures/item/silver_shovel.png	eade3bd3e92e93ea8abba2803da8155a23fb6faa9f6dbbfbf15622749278936b
resource-pack	items/tools/silver_sword.png	textures/item/silver_sword.png	03d31f8e871829f979f2eb3b5c2a263e686359df2d2e24225720476178ec0e10
resource-pack	items/tools/silver_war_hammer.png	textures/item/silver_war_hammer.png	e6df1ff10ff233ade818e3e8efc57c61d5dde37887da88c8af780cf938082ba1
resource-pack	items/sinew.png	textures/item/sinew.png	5cc87c07a946c29da3c3cdca634d380b110fbc7a53cbbc1018dcb2b948d6ab4c
resource-pack	items/bowls/vegetable_soup.png	textures/item/vegetable_soup.png	cd463a021d7e08d391ead6abc78867db0d8cbbca6f2cbee5d0ba9cc33a5ade73
resource-pack	items/bowls/bowl_water.png	textures/item/water_bowl.png	dd3ea9acd9a4cb2b5b1e707ed059c4180243ac5fe85bd1894ce7c229f796cd81
resource-pack	items/bows/wood/standby.png	textures/item/wood_bow.png	6f62b5a5eac576af20f1ddd79e69df37b19a036691aa26b7523753f995e3dd8d
resource-pack	items/bows/wood/adamantium_arrow_0.png	textures/item/wood_bow/adamantium_0.png	da26fc4b8924235efc44e554a98428226d9d98ecd80ab0bb973623dc4f2dabb4
resource-pack	items/bows/wood/adamantium_arrow_1.png	textures/item/wood_bow/adamantium_1.png	180a88125e80b250eb9d2c250d8be9d9684cee8b75fced3c697437c832b1fb98
resource-pack	items/bows/wood/adamantium_arrow_2.png	textures/item/wood_bow/adamantium_2.png	a9df13bc1f35a3b18873735ef1d98c61ab6a451946d7c4dc7ea9d8686113610b
resource-pack	items/bows/wood/ancient_metal_arrow_0.png	textures/item/wood_bow/ancient_metal_0.png	0aabb17654246fcc2040d22f68d2f843c31d2d16a03eeb4110b3114f5532abbf
resource-pack	items/bows/wood/ancient_metal_arrow_1.png	textures/item/wood_bow/ancient_metal_1.png	5e5558722b89adc7cbcd1fc4af2e91609be5b9e4a6ef61de1387ff39cfb64099
resource-pack	items/bows/wood/ancient_metal_arrow_2.png	textures/item/wood_bow/ancient_metal_2.png	f2d6031b046d9b14a59c80a4cc1050a656433b51b16a7f908d2322e32d312c0d
resource-pack	items/bows/wood/copper_arrow_0.png	textures/item/wood_bow/copper_0.png	766b08d27d0e38d12687c22313c5ad64edb871aa2a71c0cb3e64b1f6695aeca7
resource-pack	items/bows/wood/copper_arrow_1.png	textures/item/wood_bow/copper_1.png	d1c0d7326be7fa37716f70e88b5f741e7077480b9e35a48c63313c9b515a1833
resource-pack	items/bows/wood/copper_arrow_2.png	textures/item/wood_bow/copper_2.png	7ae500c958d86f2b9b43afad0fa6a971e648f5da390e36e38eaffff8c63fcc2a
resource-pack	items/bows/wood/flint_arrow_0.png	textures/item/wood_bow/flint_0.png	5beb5dbcbf2617dc7125849a45f57a9befc4e8846968056f108a687352dbd03d
resource-pack	items/bows/wood/flint_arrow_1.png	textures/item/wood_bow/flint_1.png	3e62cc3c90ca180b5aaae14d7f1a4d1537f6507e5af7e93f43c7b721211300e4
resource-pack	items/bows/wood/flint_arrow_2.png	textures/item/wood_bow/flint_2.png	52e47c6f1619030bf3c1545dc4e15dc460df8f6c35f91459a6d93cd3f62986a8
resource-pack	items/bows/wood/gold_arrow_0.png	textures/item/wood_bow/gold_0.png	f5e0a90b29c8b5fca248b8a416306caa9eb63be63d92337a020503be4094fa2b
resource-pack	items/bows/wood/gold_arrow_1.png	textures/item/wood_bow/gold_1.png	bf909c728eac39e1823cb79431c7702419f7808c9cb47b53c3a39dca35e9d164
resource-pack	items/bows/wood/gold_arrow_2.png	textures/item/wood_bow/gold_2.png	ad20273b5be21444ddc085f4bbeb031c41a4143a8680d06f7525991e533a5a64
resource-pack	items/bows/wood/iron_arrow_0.png	textures/item/wood_bow/iron_0.png	84bf48b16dadceeaca93c9645acc5be1a40db8623b0ede1375644e1bd4993c36
resource-pack	items/bows/wood/iron_arrow_1.png	textures/item/wood_bow/iron_1.png	f7e5e9ef23b6c9b39e4675fc4326df92b66d45bb0a64dc4852c1fd031ff2b0b4
resource-pack	items/bows/wood/iron_arrow_2.png	textures/item/wood_bow/iron_2.png	778090baec36ae4eb2071b0eab425c18f0ded8316b23100842b7c818119d93ea
resource-pack	items/bows/wood/mithril_arrow_0.png	textures/item/wood_bow/mithril_0.png	a3adaca9d640056e896fccef064f00d444ddbe210e91ea083c551332e4141d40
resource-pack	items/bows/wood/mithril_arrow_1.png	textures/item/wood_bow/mithril_1.png	bfca6aeb694fef8b38481b00be0d7d285b9ea3f2e67e536cf17169a7b0ddcc09
resource-pack	items/bows/wood/mithril_arrow_2.png	textures/item/wood_bow/mithril_2.png	bc12cc34a65cdd076a80e9597f9fe43071f1677bee19f50f64e624a63ac450dd
resource-pack	items/bows/wood/obsidian_arrow_0.png	textures/item/wood_bow/obsidian_0.png	366758dd776ea22eb5e9b8ef94e138f6d3b0f414cca407549bb329e5b3cacd8f
resource-pack	items/bows/wood/obsidian_arrow_1.png	textures/item/wood_bow/obsidian_1.png	04c00e43e8d2f764b95f834d6a57c0d25f35119d2a9b7dc80052a9ad1cf2f6e9
resource-pack	items/bows/wood/obsidian_arrow_2.png	textures/item/wood_bow/obsidian_2.png	6ade828f5e2fc97db800e25702ba636dd712cd062286422f6648ca394e5e2997
resource-pack	items/bows/wood/rusted_iron_arrow_0.png	textures/item/wood_bow/rusted_iron_0.png	381febde394e987d63c7d1b99c0ba5dc973294f82141a451f969467c14b5cacb
resource-pack	items/bows/wood/rusted_iron_arrow_1.png	textures/item/wood_bow/rusted_iron_1.png	91d5ab06c500d1ef72ebd237dc3c16762d20ebe950d58f4a06590e305b08e33a
resource-pack	items/bows/wood/rusted_iron_arrow_2.png	textures/item/wood_bow/rusted_iron_2.png	f0030a4d4bc2593510ace76c3b1b79934f3bf9ee5f3f3ad92b3c57df2dfa18a2
resource-pack	items/bows/wood/silver_arrow_0.png	textures/item/wood_bow/silver_0.png	85ed2e39dec537bc436a188551bc6751af3d13335cd0de6ad7eee7994237e098
resource-pack	items/bows/wood/silver_arrow_1.png	textures/item/wood_bow/silver_1.png	3db220f868f31327b09399d9cace43c1bf84f035a31c53d53464e17661f3c9f4
resource-pack	items/bows/wood/silver_arrow_2.png	textures/item/wood_bow/silver_2.png	88e9443ea9eff14d422d91dd0344fe355f99ac46f217bd7230eeadd639ba95e7
resource-pack	items/tools/wood_club.png	textures/item/wood_club.png	5757c6309362b27fd9dd424241f3a4302c69ad3229690d45e0d00b999384fe22
resource-pack	items/tools/wood_cudgel.png	textures/item/wood_cudgel.png	8458d44ef3fc9c6ba90497c960aabed3d62c2197e8dff5d7e7a5a5d6b4da12d9
mite-src	items/wood_shovel.png	textures/item/wood_shovel.png	d0b418af7b10ac0e9b3e2dfa07fbc57dca382caa89e1d48bfcbc7681183703c8
resource-pack	items/food/worm_raw.png	textures/item/worm.png	07b763e2eeea77e97acf86d261fd1edd826b250628b773631ac8a0f2dfddb6e7
derived	items/spawn_egg.png+items/spawn_egg_overlay.png	textures/item/ancient_bone_lord_spawn_egg.png	b6353a9191b569857d528202a6f0282cfc8583dd41b4de0afcd5b6c07d25f98a
derived	items/spawn_egg.png+items/spawn_egg_overlay.png	textures/item/black_widow_spider_spawn_egg.png	b72c62fe6d70f8726cafce727ae68cbdcf1b08b0520c3e8506800260de22a2e1
derived	items/spawn_egg.png+items/spawn_egg_overlay.png	textures/item/blob_spawn_egg.png	4b034bbef35cad56a454c24f0a9a9e6e65089a87ef2d8ae39d08c628ccf068d5
derived	items/spawn_egg.png+items/spawn_egg_overlay.png	textures/item/bone_lord_spawn_egg.png	220df5527ae2b5f0db5cc5433f278d415985b79a8679ad9865dd8db06682396b
derived	items/spawn_egg.png+items/spawn_egg_overlay.png	textures/item/copperspine_spawn_egg.png	9166fcd3eac8519333e60fca6f4ebe1d4ad8faa93d213c433dde8f5cb2e2fe41
derived	items/spawn_egg.png+items/spawn_egg_overlay.png	textures/item/demon_spider_spawn_egg.png	9647fafad872f82e108aa63c08e25d3bb5e3577d9f4b094538b527efad7001cf
derived	items/spawn_egg.png+items/spawn_egg_overlay.png	textures/item/dire_wolf_spawn_egg.png	73a9ce2e1428e4574766c6781d493dbebd049ab72d35d4d9fb05ab02abbf70ce
derived	items/spawn_egg.png+items/spawn_egg_overlay.png	textures/item/earth_elemental_spawn_egg.png	27ea091c841d14ea471586bad471d54cc6252597960b8389c7341d947df3132e
derived	items/spawn_egg.png+items/spawn_egg_overlay.png	textures/item/fire_elemental_spawn_egg.png	b4fb41a7aaf9e4768c7cd1443d9cb94c8634b2c8743156b900c6d0ba1bb5fe90
derived	items/spawn_egg.png+items/spawn_egg_overlay.png	textures/item/ghoul_spawn_egg.png	6f0b89f0dc89bea0a7b276581e40af31ecefed2cdf47423ad55d4414d65e7e19
derived	items/spawn_egg.png+items/spawn_egg_overlay.png	textures/item/giant_vampire_bat_spawn_egg.png	931d1179c5d5bbbaa8c93d05a6e7490fc014af73cb52d4ab5e8a79f7ce786d55
derived	items/spawn_egg.png+items/spawn_egg_overlay.png	textures/item/hellhound_spawn_egg.png	f7c72bf51e3166a6cc6ff90a013f331f1674518f212791b8aede692d9830c441
derived	items/spawn_egg.png+items/spawn_egg_overlay.png	textures/item/hoary_silverfish_spawn_egg.png	5160bf999eac1a92898bb67c18c29e4dbe8ce7ef097ee412867f9712e9863798
derived	items/spawn_egg.png+items/spawn_egg_overlay.png	textures/item/infernal_creeper_spawn_egg.png	e49e3a4fe0684817fbe02f647a1b7009523336c514fceb5acbc561e0c3ed153c
derived	items/spawn_egg.png+items/spawn_egg_overlay.png	textures/item/invisible_stalker_spawn_egg.png	605facf70a79eec13efc8930ec5b22a571f53e8b815f9b6df9de261746d68492
derived	items/spawn_egg.png+items/spawn_egg_overlay.png	textures/item/jelly_spawn_egg.png	c732c2f8c71f6b8fa8bb70e451dd2d325035962344e97b92c69caea4426ce15e
derived	items/spawn_egg.png+items/spawn_egg_overlay.png	textures/item/longdead_spawn_egg.png	b6c90ac1a846a74b000268cea940e7549b6a77e796ecbbb5b7e3a3637d9f926c
derived	items/spawn_egg.png+items/spawn_egg_overlay.png	textures/item/magma_cube_spawn_egg.png	9681d98059d2aad4c38e4806c5b02e46911abf6293e047122a1080924dfdbb82
derived	items/spawn_egg.png+items/spawn_egg_overlay.png	textures/item/netherspawn_spawn_egg.png	656962e5affa3834222ec1b0336eec434960890efddefb04e3aad0f75afe2bfa
derived	items/spawn_egg.png+items/spawn_egg_overlay.png	textures/item/nightwing_spawn_egg.png	ca664845fd47d60ee61a5c3606c90c115853e11b9ac276c279f21a3d49c47241
derived	items/spawn_egg.png+items/spawn_egg_overlay.png	textures/item/ooze_spawn_egg.png	5a2e57598a896af77dcc2f7460634958d4484b4e6f0f0327ca4e523a050d5979
derived	items/spawn_egg.png+items/spawn_egg_overlay.png	textures/item/phase_spider_spawn_egg.png	70386e73a16343b09454e567bc0134b5e8c6180565c7fb592472b6bd4fd95f08
derived	items/spawn_egg.png+items/spawn_egg_overlay.png	textures/item/pudding_spawn_egg.png	1eaf3d7660370a8abd77c9446afc203b6004e1ec54d12fd18dd13004c930ef13
derived	items/spawn_egg.png+items/spawn_egg_overlay.png	textures/item/r196_blaze_spawn_egg.png	05a312bd34e663cea4da8ded9344f997f8c9ab55197ef246757dac303bc586aa
derived	items/spawn_egg.png+items/spawn_egg_overlay.png	textures/item/r196_cave_spider_spawn_egg.png	a0ca804d154bdd7c5614db431e43592e970852f55eb0126e4559f6333678895d
derived	items/spawn_egg.png+items/spawn_egg_overlay.png	textures/item/r196_creeper_spawn_egg.png	5f0514e698ef5cd2d123e76264480dfd3ce43a7bb68c900091fc158869c75bc2
derived	items/spawn_egg.png+items/spawn_egg_overlay.png	textures/item/r196_enderman_spawn_egg.png	b5ad63fcd9984d20623d61b27011b9fc788c85865c277763d69b15f89c37ec64
derived	items/spawn_egg.png+items/spawn_egg_overlay.png	textures/item/r196_ghast_spawn_egg.png	9e3f452833cd62022742372b0f53c185f42579e57d975414b1f3e7282dfc20de
derived	items/spawn_egg.png+items/spawn_egg_overlay.png	textures/item/r196_skeleton_spawn_egg.png	0ff224a4275dd267ba20afa00686be012aca1744b39055a61e57590a63a8c4c2
derived	items/spawn_egg.png+items/spawn_egg_overlay.png	textures/item/r196_slime_spawn_egg.png	8d7c0625fa2c14b00fa7a05775502f05651a08ed1def0f150c5cffd3d6f19edb
derived	items/spawn_egg.png+items/spawn_egg_overlay.png	textures/item/r196_spider_spawn_egg.png	0265aa43d1582059852a43fb2b88a161c84af7ef9f3fbe299be9bfc5950dbecc
derived	items/spawn_egg.png+items/spawn_egg_overlay.png	textures/item/r196_squid_spawn_egg.png	6c1f22df42f4233efb8ce3a531e181e2e56360a6e01781149453acb4adfa22c4
derived	items/spawn_egg.png+items/spawn_egg_overlay.png	textures/item/r196_witch_spawn_egg.png	e8a87513727e05e24cf9e73c7859d1ea8e4a56516ec2d1054c65805c212eefa8
derived	items/spawn_egg.png+items/spawn_egg_overlay.png	textures/item/r196_zombie_spawn_egg.png	9f734ca523f187bb28274da945b829caa905d1eca518a3cafa8777570d7dfd63
derived	items/spawn_egg.png+items/spawn_egg_overlay.png	textures/item/r196_zombified_piglin_spawn_egg.png	9d2cf0e894d51c746c48f8c3f55549b8d1ab7c64a2c2f9527588ee2eae5d8eb5
derived	items/spawn_egg.png+items/spawn_egg_overlay.png	textures/item/revenant_spawn_egg.png	6a8d423b25f669d3bf9ba9d5be94db154e7a8441f005fa71407fc4563f8332e7
derived	items/spawn_egg.png+items/spawn_egg_overlay.png	textures/item/shadow_spawn_egg.png	b2ea65413212351fc72988020aeb0280e81a6421f7edec886e168a15bc3586ec
derived	items/spawn_egg.png+items/spawn_egg_overlay.png	textures/item/vampire_bat_spawn_egg.png	0ed518dfa3b08479fcbfa6c9546fc1dfd97f34aa5604cc1a6ae3ce0db6a1bad8
derived	items/spawn_egg.png+items/spawn_egg_overlay.png	textures/item/wight_spawn_egg.png	5e0db1d0a87f0b3e4cdd1158fc13caff2b4c77d273d97cb4a0e22cbbf3e331c2
derived	items/spawn_egg.png+items/spawn_egg_overlay.png	textures/item/wood_spider_spawn_egg.png	e8f835ca8c1f0ddbba94c6562d46f1e09599a7dba822f62f10a2d4f224938512
